customer_id,R,F,M,r,f,m,segment
1,29,1,11000.0,3,1,1,Новые
2,240,1,45000.0,1,1,2,Спящие
3,18,1,72000.0,3,1,2,Новые
4,34,2,97000.0,3,2,2,Чемпионы
5,145,3,61500.0,2,3,2,Лояльные
6,68,2,360000.0,3,2,3,Чемпионы
8,27,3,807000.0,3,3,3,Чемпионы
10,285,1,43200.0,1,1,2,Спящие
11,312,1,135000.0,1,1,2,Спящие
12,188,1,38000.0,2,1,1,Спящие
13,120,1,52000.0,2,1,2,Спящие
14,164,1,420000.0,2,1,3,Спящие
15,44,1,18000.0,3,1,1,Новые
16,68,1,52000.0,3,1,2,Новые
17,20,1,91200.0,3,1,2,Новые
18,227,4,68000.0,1,3,2,Под угрозой ухода
19,162,1,162000.0,2,1,3,Спящие
20,178,1,29000.0,2,1,1,Спящие
22,26,1,16500.0,3,1,1,Новые
23,89,1,29000.0,2,1,1,Спящие
24,161,1,24000.0,2,1,1,Спящие
25,13,1,180000.0,3,1,3,Новые
26,332,1,18000.0,1,1,1,Спящие
27,196,1,420000.0,2,1,3,Спящие
28,66,1,9000.0,3,1,1,Новые
29,18,2,90000.0,3,2,2,Чемпионы
30,21,2,107400.0,3,2,2,Чемпионы
31,237,1,24000.0,1,1,1,Спящие
32,63,1,6000.0,3,1,1,Новые
33,90,3,845500.0,2,3,3,Лояльные
34,98,1,68400.0,2,1,2,Спящие
35,309,1,52000.0,1,1,2,Спящие
36,17,1,52000.0,3,1,2,Новые
37,162,1,180000.0,2,1,3,Спящие
38,24,5,539200.0,3,3,3,Чемпионы
39,158,3,60900.0,2,3,2,Лояльные
41,185,1,6000.0,2,1,1,Спящие
42,131,1,5500.0,2,1,1,Спящие
43,229,1,12000.0,1,1,1,Спящие
44,97,1,38000.0,2,1,1,Спящие
45,205,1,52000.0,1,1,2,Спящие
46,257,1,21600.0,1,1,1,Спящие
48,364,1,45000.0,1,1,2,Спящие
49,160,5,1128600.0,2,3,3,Лояльные
50,200,1,5500.0,1,1,1,Спящие
51,40,2,507000.0,3,2,3,Чемпионы
52,8,3,433800.0,3,3,3,Чемпионы
53,91,1,34200.0,2,1,1,Спящие
54,117,1,420000.0,2,1,3,Спящие
56,221,1,4950.0,1,1,1,Спящие
57,5,1,23200.0,3,1,1,Новые
58,15,1,12000.0,3,1,1,Новые
59,13,4,244500.0,3,3,3,Чемпионы
60,326,1,40500.0,1,1,1,Спящие
63,333,2,449000.0,1,2,3,Под угрозой ухода
64,236,1,45000.0,1,1,2,Спящие
65,83,1,72000.0,2,1,2,Спящие
66,67,1,52000.0,3,1,2,Новые
67,121,1,38000.0,2,1,1,Спящие
68,216,2,173500.0,1,2,3,Под угрозой ухода
69,70,2,431000.0,3,2,3,Чемпионы
70,12,1,52200.0,3,1,2,Новые
71,334,1,180000.0,1,1,3,Под угрозой ухода
72,300,1,24000.0,1,1,1,Спящие
74,129,1,45000.0,2,1,2,Спящие
75,130,1,10800.0,2,1,1,Спящие
76,19,8,659950.0,3,3,3,Чемпионы
77,321,2,204000.0,1,2,3,Под угрозой ухода
78,243,1,76000.0,1,1,2,Спящие
79,248,1,8100.0,1,1,1,Спящие
80,258,2,432000.0,1,2,3,Под угрозой ухода
81,162,2,140500.0,2,2,3,Лояльные
82,216,1,29000.0,1,1,1,Спящие
83,75,1,45000.0,3,1,2,Новые
84,262,1,180000.0,1,1,3,Под угрозой ухода
85,61,1,9000.0,3,1,1,Новые
86,205,1,45000.0,1,1,2,Спящие
87,73,2,27000.0,3,2,1,Лояльные
88,332,1,9000.0,1,1,1,Спящие
89,246,2,43200.0,1,2,2,Под угрозой ухода
90,241,1,378000.0,1,1,3,Под угрозой ухода
91,71,1,16500.0,3,1,1,Новые
92,41,1,90000.0,3,1,2,Новые
93,70,1,34200.0,3,1,1,Новые
94,187,4,123000.0,2,3,2,Лояльные
95,227,1,5500.0,1,1,1,Спящие
96,87,3,214500.0,2,3,3,Лояльные
97,312,1,9000.0,1,1,1,Спящие
98,70,1,26100.0,3,1,1,Новые
99,246,1,52000.0,1,1,2,Спящие
100,181,1,21600.0,2,1,1,Спящие
101,115,3,555000.0,2,3,3,Лояльные
102,81,1,9000.0,2,1,1,Спящие
103,30,1,36000.0,3,1,1,Новые
104,58,2,33800.0,3,2,1,Лояльные
105,179,4,196500.0,2,3,3,Лояльные
106,72,1,4950.0,3,1,1,Новые
107,220,2,57800.0,1,2,2,Под угрозой ухода
108,37,1,6000.0,3,1,1,Новые
109,232,1,10800.0,1,1,1,Спящие
110,313,1,52000.0,1,1,2,Спящие
111,231,2,44100.0,1,2,2,Под угрозой ухода
112,18,2,207000.0,3,2,3,Чемпионы
113,131,1,52000.0,2,1,2,Спящие
114,271,2,51000.0,1,2,2,Под угрозой ухода
115,7,1,38400.0,3,1,1,Новые
116,48,2,57000.0,3,2,2,Чемпионы
117,296,1,58000.0,1,1,2,Спящие
118,342,1,9000.0,1,1,1,Спящие
119,229,1,6000.0,1,1,1,Спящие
120,20,2,121600.0,3,2,2,Чемпионы
121,30,2,10950.0,3,2,1,Лояльные
122,244,1,5500.0,1,1,1,Спящие
123,180,4,499500.0,2,3,3,Лояльные
124,155,2,163000.0,2,2,3,Лояльные
125,17,1,180000.0,3,1,3,Новые
126,225,1,26100.0,1,1,1,Спящие
127,135,2,207000.0,2,2,3,Лояльные
128,246,1,6000.0,1,1,1,Спящие
129,184,1,76000.0,2,1,2,Спящие
131,143,2,78000.0,2,2,2,Лояльные
132,179,2,81000.0,2,2,2,Лояльные
133,18,1,19200.0,3,1,1,Новые
134,217,2,98000.0,1,2,2,Под угрозой ухода
135,270,1,162000.0,1,1,3,Под угрозой ухода
136,244,3,198000.0,1,3,3,Под угрозой ухода
139,184,2,100000.0,2,2,2,Лояльные
140,94,1,52000.0,2,1,2,Спящие
141,14,1,45000.0,3,1,2,Новые
142,17,1,10800.0,3,1,1,Новые
143,16,1,378000.0,3,1,3,Новые
144,194,2,534000.0,2,2,3,Лояльные
145,188,1,378000.0,2,1,3,Спящие
146,275,2,402000.0,1,2,3,Под угрозой ухода
147,129,2,91800.0,2,2,2,Лояльные
149,362,1,29000.0,1,1,1,Спящие
150,15,2,38000.0,3,2,1,Лояльные
151,35,2,53000.0,3,2,2,Чемпионы
152,117,1,34200.0,2,1,1,Спящие
153,269,1,38000.0,1,1,1,Спящие
154,8,2,125000.0,3,2,2,Чемпионы
155,167,2,232000.0,2,2,3,Лояльные
156,175,3,49100.0,2,3,2,Лояльные
157,47,2,104200.0,3,2,2,Чемпионы
158,132,1,9000.0,2,1,1,Спящие
159,261,1,48000.0,1,1,2,Спящие
160,55,2,798000.0,3,2,3,Чемпионы
161,354,1,26100.0,1,1,1,Спящие
162,306,1,24000.0,1,1,1,Спящие
164,203,2,360000.0,1,2,3,Под угрозой ухода
165,84,4,510500.0,2,3,3,Лояльные
166,75,1,16200.0,3,1,1,Новые
167,139,1,4950.0,2,1,1,Спящие
168,95,1,45000.0,2,1,2,Спящие
169,136,1,18000.0,2,1,1,Спящие
170,112,1,48000.0,2,1,2,Спящие
171,32,1,14400.0,3,1,1,Новые
172,107,1,58000.0,2,1,2,Спящие
173,306,2,65000.0,1,2,2,Под угрозой ухода
174,192,1,52000.0,2,1,2,Спящие
175,285,1,420000.0,1,1,3,Под угрозой ухода
176,239,3,75400.0,1,3,2,Под угрозой ухода
177,156,1,52000.0,2,1,2,Спящие
178,328,1,45000.0,1,1,2,Спящие
179,2,2,29500.0,3,2,1,Лояльные
180,67,1,102600.0,3,1,2,Новые
181,177,1,45000.0,2,1,2,Спящие
182,145,1,90000.0,2,1,2,Спящие
183,53,1,18000.0,3,1,1,Новые
184,215,2,97000.0,1,2,2,Под угрозой ухода
185,189,1,5400.0,2,1,1,Спящие
186,274,1,9000.0,1,1,1,Спящие
187,45,1,38000.0,3,1,1,Новые
188,41,2,256500.0,3,2,3,Чемпионы
189,30,1,24300.0,3,1,1,Новые
190,236,1,420000.0,1,1,3,Под угрозой ухода
191,239,2,218000.0,1,2,3,Под угрозой ухода
192,123,4,259600.0,2,3,3,Лояльные
193,144,1,52000.0,2,1,2,Спящие
194,348,1,87000.0,1,1,2,Спящие
195,146,2,48800.0,2,2,2,Лояльные
196,26,1,24000.0,3,1,1,Новые
197,20,3,93800.0,3,3,2,Чемпионы
198,194,3,168000.0,2,3,3,Лояльные
199,159,2,449000.0,2,2,3,Лояльные
200,7,1,90000.0,3,1,2,Новые
201,54,1,11000.0,3,1,1,Новые
202,277,2,171900.0,1,2,3,Под угрозой ухода
204,197,1,40500.0,2,1,1,Спящие
205,169,1,21600.0,2,1,1,Спящие
206,325,1,6000.0,1,1,1,Спящие
207,241,1,38000.0,1,1,1,Спящие
208,14,1,58000.0,3,1,2,Новые
209,9,3,120000.0,3,3,2,Чемпионы
210,118,2,465000.0,2,2,3,Лояльные
211,24,1,336000.0,3,1,3,Новые
212,105,1,5500.0,2,1,1,Спящие
213,12,2,70000.0,3,2,2,Чемпионы
214,278,1,18000.0,1,1,1,Спящие
216,82,1,6000.0,2,1,1,Спящие
217,60,1,13200.0,3,1,1,Новые
218,313,1,52200.0,1,1,2,Спящие
219,84,2,342000.0,2,2,3,Лояльные
220,116,3,368100.0,2,3,3,Лояльные
221,200,2,22950.0,1,2,1,Под угрозой ухода
222,215,2,63000.0,1,2,2,Под угрозой ухода
224,72,2,204000.0,3,2,3,Чемпионы
225,136,2,34200.0,2,2,1,Лояльные
226,5,1,21600.0,3,1,1,Новые
227,134,1,24000.0,2,1,1,Спящие
228,140,2,513000.0,2,2,3,Лояльные
229,17,1,52000.0,3,1,2,Новые
230,89,2,23500.0,2,2,1,Лояльные
231,82,1,378000.0,2,1,3,Спящие
232,223,1,58000.0,1,1,2,Спящие
233,267,1,40500.0,1,1,1,Спящие
234,6,1,38400.0,3,1,1,Новые
235,113,1,52000.0,2,1,2,Спящие
236,95,1,378000.0,2,1,3,Спящие
237,208,3,124300.0,1,3,2,Под угрозой ухода
238,204,1,58000.0,1,1,2,Спящие
239,216,1,26100.0,1,1,1,Спящие
241,92,2,185500.0,2,2,3,Лояльные
242,220,1,29000.0,1,1,1,Спящие
243,262,1,72000.0,1,1,2,Спящие
244,115,1,27000.0,2,1,1,Спящие
245,109,1,52000.0,2,1,2,Спящие
246,333,1,52000.0,1,1,2,Спящие
247,9,5,1155000.0,3,3,3,Чемпионы
248,71,1,38000.0,3,1,1,Новые
249,48,1,29000.0,3,1,1,Новые
250,88,2,204000.0,2,2,3,Лояльные
251,63,1,102600.0,3,1,2,Новые
252,12,2,84800.0,3,2,2,Чемпионы
255,233,1,420000.0,1,1,3,Под угрозой ухода
256,257,2,15000.0,1,2,1,Под угрозой ухода
257,119,2,430000.0,2,2,3,Лояльные
259,323,1,102600.0,1,1,2,Спящие
261,260,1,114000.0,1,1,2,Спящие
263,158,2,429000.0,2,2,3,Лояльные
264,201,1,46800.0,1,1,2,Спящие
265,208,1,40500.0,1,1,1,Спящие
266,200,1,72000.0,1,1,2,Спящие
267,100,1,12000.0,2,1,1,Спящие
268,35,2,261000.0,3,2,3,Чемпионы
269,190,1,6000.0,2,1,1,Спящие
273,260,2,60300.0,1,2,2,Под угрозой ухода
274,205,2,66600.0,1,2,2,Под угрозой ухода
276,117,1,18000.0,2,1,1,Спящие
277,6,3,128000.0,3,3,2,Чемпионы
278,98,1,12000.0,2,1,1,Спящие
280,114,2,121000.0,2,2,2,Лояльные
281,297,1,18000.0,1,1,1,Спящие
282,97,1,180000.0,2,1,3,Спящие
283,87,1,16200.0,2,1,1,Спящие
284,89,2,207000.0,2,2,3,Лояльные
286,225,1,27000.0,1,1,1,Спящие
287,133,1,180000.0,2,1,3,Спящие
288,342,1,52000.0,1,1,2,Спящие
289,234,1,180000.0,1,1,3,Под угрозой ухода
290,349,1,9000.0,1,1,1,Спящие
291,209,4,128400.0,1,3,2,Под угрозой ухода
292,229,2,64100.0,1,2,2,Под угрозой ухода
294,9,2,168000.0,3,2,3,Чемпионы
295,83,1,34200.0,2,1,1,Спящие
296,59,1,52000.0,3,1,2,Новые
297,327,1,45000.0,1,1,2,Спящие
298,146,1,18000.0,2,1,1,Спящие
299,203,2,42000.0,1,2,2,Под угрозой ухода
300,154,2,100000.0,2,2,2,Лояльные
301,8,2,564000.0,3,2,3,Чемпионы
302,87,1,27000.0,2,1,1,Спящие
303,28,2,449000.0,3,2,3,Чемпионы
304,266,1,180000.0,1,1,3,Под угрозой ухода
305,169,1,420000.0,2,1,3,Спящие
306,338,1,38000.0,1,1,1,Спящие
308,26,1,135000.0,3,1,2,Новые
309,291,2,230400.0,1,2,3,Под угрозой ухода
310,186,2,449000.0,2,2,3,Лояльные
311,133,1,38000.0,2,1,1,Спящие
312,349,1,135000.0,1,1,2,Спящие
313,20,1,5500.0,3,1,1,Новые
314,225,1,5400.0,1,1,1,Спящие
315,26,1,24000.0,3,1,1,Новые
316,6,2,214200.0,3,2,3,Чемпионы
317,31,4,113500.0,3,3,2,Чемпионы
318,66,4,130850.0,3,3,2,Чемпионы
319,330,1,16500.0,1,1,1,Спящие
320,214,1,29000.0,1,1,1,Спящие
321,141,1,16500.0,2,1,1,Спящие
324,105,2,72200.0,2,2,2,Лояльные
325,138,2,110000.0,2,2,2,Лояльные
326,122,3,582000.0,2,3,3,Лояльные
327,273,1,38000.0,1,1,1,Спящие
328,162,1,29000.0,2,1,1,Спящие
330,111,4,89600.0,2,3,2,Лояльные
331,120,1,180000.0,2,1,3,Спящие
332,279,1,29000.0,1,1,1,Спящие
333,64,1,24000.0,3,1,1,Новые
334,7,1,46800.0,3,1,2,Новые
335,190,3,162000.0,2,3,3,Лояльные
336,302,1,102600.0,1,1,2,Спящие
337,68,1,180000.0,3,1,3,Новые
338,345,1,34200.0,1,1,1,Спящие
339,218,1,24000.0,1,1,1,Спящие
340,336,1,24000.0,1,1,1,Спящие
341,215,1,46800.0,1,1,2,Спящие
343,5,2,57500.0,3,2,2,Чемпионы
344,18,1,6000.0,3,1,1,Новые
345,276,2,232000.0,1,2,3,Под угрозой ухода
346,87,3,506000.0,2,3,3,Лояльные
347,109,3,534000.0,2,3,3,Лояльные
348,212,1,58000.0,1,1,2,Спящие
349,262,1,180000.0,1,1,3,Под угрозой ухода
350,175,1,162000.0,2,1,3,Спящие
351,241,2,173000.0,1,2,3,Под угрозой ухода
352,48,2,218000.0,3,2,3,Чемпионы
353,182,1,420000.0,2,1,3,Спящие
354,190,5,180400.0,2,3,3,Лояльные
355,13,1,23200.0,3,1,1,Новые
356,20,2,14400.0,3,2,1,Лояльные
357,356,1,18000.0,1,1,1,Спящие
358,172,1,24000.0,2,1,1,Спящие
359,57,1,21600.0,3,1,1,Новые
360,167,1,9000.0,2,1,1,Спящие
361,352,1,87000.0,1,1,2,Спящие
362,167,2,173000.0,2,2,3,Лояльные
363,326,2,56000.0,1,2,2,Под угрозой ухода
365,288,1,87000.0,1,1,2,Спящие
366,108,1,38000.0,2,1,1,Спящие
367,80,1,76000.0,2,1,2,Спящие
368,17,1,378000.0,3,1,3,Новые
369,87,1,38000.0,2,1,1,Спящие
370,283,1,102600.0,1,1,2,Спящие
371,16,3,496000.0,3,3,3,Чемпионы
372,217,1,52000.0,1,1,2,Спящие
373,130,1,9000.0,2,1,1,Спящие
374,56,2,249600.0,3,2,3,Чемпионы
375,85,1,29000.0,2,1,1,Спящие
376,191,3,190950.0,2,3,3,Лояльные
377,260,1,24000.0,1,1,1,Спящие
378,313,1,180000.0,1,1,3,Под угрозой ухода
379,57,1,52000.0,3,1,2,Новые
380,190,1,11000.0,2,1,1,Спящие
381,9,1,180000.0,3,1,3,Новые
382,72,1,420000.0,3,1,3,Новые
383,232,2,472000.0,1,2,3,Под угрозой ухода
384,59,1,5500.0,3,1,1,Новые
385,285,1,29000.0,1,1,1,Спящие
386,270,1,18000.0,1,1,1,Спящие
387,204,2,541500.0,1,2,3,Под угрозой ухода
389,230,1,45000.0,1,1,2,Спящие
390,15,3,489500.0,3,3,3,Чемпионы
391,126,2,232000.0,2,2,3,Лояльные
392,263,2,449000.0,1,2,3,Под угрозой ухода
393,23,2,168000.0,3,2,3,Чемпионы
394,25,1,5500.0,3,1,1,Новые
395,346,1,24000.0,1,1,1,Спящие
398,314,1,52000.0,1,1,2,Спящие
399,296,1,135000.0,1,1,2,Спящие
400,83,1,162000.0,2,1,3,Спящие
401,57,1,5400.0,3,1,1,Новые
402,12,2,15900.0,3,2,1,Лояльные
403,302,1,24000.0,1,1,1,Спящие
404,74,1,90000.0,3,1,2,Новые
405,103,2,423000.0,2,2,3,Лояльные
406,104,2,191000.0,2,2,3,Лояльные
407,159,2,66600.0,2,2,2,Лояльные
408,172,1,6000.0,2,1,1,Спящие
409,119,1,72000.0,2,1,2,Спящие
410,293,2,126600.0,1,2,2,Под угрозой ухода
412,43,4,76950.0,3,3,2,Чемпионы
413,13,1,180000.0,3,1,3,Новые
414,19,1,52000.0,3,1,2,Новые
415,69,2,171900.0,3,2,3,Чемпионы
416,21,2,134000.0,3,2,2,Чемпионы
417,286,1,9000.0,1,1,1,Спящие
418,309,1,26100.0,1,1,1,Спящие
419,300,1,29000.0,1,1,1,Спящие
420,34,5,931500.0,3,3,3,Чемпионы
421,39,1,52000.0,3,1,2,Новые
422,296,3,1020000.0,1,3,3,Под угрозой ухода
424,6,1,4800.0,3,1,1,Новые
425,122,2,232000.0,2,2,3,Лояльные
426,9,2,232000.0,3,2,3,Чемпионы
427,32,1,378000.0,3,1,3,Новые
428,84,1,135000.0,2,1,2,Спящие
429,64,2,159000.0,3,2,3,Чемпионы
430,196,1,162000.0,2,1,3,Спящие
431,252,3,133000.0,1,3,2,Под угрозой ухода
432,49,1,41600.0,3,1,2,Новые
433,131,1,72000.0,2,1,2,Спящие
435,101,1,18000.0,2,1,1,Спящие
436,195,2,465000.0,2,2,3,Лояльные
437,89,2,61500.0,2,2,2,Лояльные
438,163,1,38000.0,2,1,1,Спящие
439,257,1,5500.0,1,1,1,Спящие
440,126,4,228950.0,2,3,3,Лояльные
441,303,1,5500.0,1,1,1,Спящие
442,237,3,133000.0,1,3,2,Под угрозой ухода
443,238,1,9900.0,1,1,1,Спящие
444,9,4,124900.0,3,3,2,Чемпионы
445,341,1,29000.0,1,1,1,Спящие
446,271,2,57500.0,1,2,2,Под угрозой ухода
447,71,1,11000.0,3,1,1,Новые
448,112,2,32100.0,2,2,1,Лояльные
449,189,1,4950.0,2,1,1,Спящие
450,123,1,9000.0,2,1,1,Спящие
451,318,1,420000.0,1,1,3,Под угрозой ухода
452,142,1,18000.0,2,1,1,Спящие
454,166,2,67000.0,2,2,2,Лояльные
455,94,1,45000.0,2,1,2,Спящие
456,70,3,38000.0,3,3,1,Лояльные
457,26,2,54800.0,3,2,2,Чемпионы
458,207,3,407500.0,1,3,3,Под угрозой ухода
459,282,1,102600.0,1,1,2,Спящие
460,201,2,96000.0,1,2,2,Под угрозой ухода
461,121,1,180000.0,2,1,3,Спящие
462,132,1,6000.0,2,1,1,Спящие
463,34,1,52000.0,3,1,2,Новые
464,41,1,108000.0,3,1,2,Новые
465,124,1,24000.0,2,1,1,Спящие
466,222,1,72000.0,1,1,2,Спящие
467,326,1,11000.0,1,1,1,Спящие
468,200,4,1032000.0,1,3,3,Под угрозой ухода
469,25,1,87000.0,3,1,2,Новые
470,41,1,420000.0,3,1,3,Новые
471,62,1,11000.0,3,1,1,Новые
472,110,6,945000.0,2,3,3,Лояльные
473,31,1,4400.0,3,1,1,Новые
474,100,1,420000.0,2,1,3,Спящие
475,192,2,81500.0,2,2,2,Лояльные
476,242,3,192000.0,1,3,3,Под угрозой ухода
477,237,1,180000.0,1,1,3,Под угрозой ухода
478,94,1,58000.0,2,1,2,Спящие
480,188,1,90000.0,2,1,2,Спящие
481,40,1,12000.0,3,1,1,Новые
482,308,1,14850.0,1,1,1,Спящие
483,175,2,36000.0,2,2,1,Лояльные
484,47,1,38000.0,3,1,1,Новые
485,66,1,9900.0,3,1,1,Новые
486,204,1,5500.0,1,1,1,Спящие
487,157,1,18000.0,2,1,1,Спящие
488,316,1,45000.0,1,1,2,Спящие
489,189,1,180000.0,2,1,3,Спящие
491,19,1,46800.0,3,1,2,Новые
492,171,2,472000.0,2,2,3,Лояльные
493,191,1,378000.0,2,1,3,Спящие
494,170,4,204200.0,2,3,3,Лояльные
495,35,5,737500.0,3,3,3,Чемпионы
496,87,1,29000.0,2,1,1,Спящие
497,201,3,66100.0,1,3,2,Под угрозой ухода
498,13,1,378000.0,3,1,3,Новые
499,264,1,29000.0,1,1,1,Спящие
500,40,1,18000.0,3,1,1,Новые
501,140,1,5500.0,2,1,1,Спящие
502,193,2,315000.0,2,2,3,Лояльные
503,132,1,378000.0,2,1,3,Спящие
504,121,2,425500.0,2,2,3,Лояльные
505,16,1,87000.0,3,1,2,Новые
506,121,1,26100.0,2,1,1,Спящие
507,107,1,11000.0,2,1,1,Спящие
508,227,1,52000.0,1,1,2,Спящие
509,234,1,52000.0,1,1,2,Спящие
510,172,1,90000.0,2,1,2,Спящие
512,281,1,46800.0,1,1,2,Спящие
513,281,1,29000.0,1,1,1,Спящие
514,226,2,600000.0,1,2,3,Под угрозой ухода
515,345,1,45000.0,1,1,2,Спящие
516,39,4,616200.0,3,3,3,Чемпионы
517,99,4,323300.0,2,3,3,Лояльные
518,314,1,180000.0,1,1,3,Под угрозой ухода
519,289,1,29000.0,1,1,1,Спящие
520,118,1,76000.0,2,1,2,Спящие
522,292,2,61000.0,1,2,2,Под угрозой ухода
523,277,2,225000.0,1,2,3,Под угрозой ухода
524,93,1,420000.0,2,1,3,Спящие
525,152,4,594000.0,2,3,3,Лояльные
527,281,2,104000.0,1,2,2,Под угрозой ухода
528,52,1,18000.0,3,1,1,Новые
529,66,1,52000.0,3,1,2,Новые
530,11,4,134800.0,3,3,2,Чемпионы
531,70,1,16500.0,3,1,1,Новые
532,313,1,72000.0,1,1,2,Спящие
533,75,2,17000.0,3,2,1,Лояльные
534,100,1,5500.0,2,1,1,Спящие
535,125,1,18000.0,2,1,1,Спящие
536,174,1,58000.0,2,1,2,Спящие
538,32,2,34500.0,3,2,1,Лояльные
539,195,1,52000.0,2,1,2,Спящие
540,77,4,780000.0,3,3,3,Чемпионы
541,10,1,90000.0,3,1,2,Новые
542,38,1,24000.0,3,1,1,Новые
543,108,2,150500.0,2,2,3,Лояльные
544,253,1,420000.0,1,1,3,Под угрозой ухода
545,97,3,166600.0,2,3,3,Лояльные
546,83,1,52000.0,2,1,2,Спящие
547,31,1,46800.0,3,1,2,Новые
549,205,2,47000.0,1,2,2,Под угрозой ухода
550,160,1,58000.0,2,1,2,Спящие
551,90,2,429000.0,2,2,3,Лояльные
552,5,1,24000.0,3,1,1,Новые
553,50,2,472000.0,3,2,3,Чемпионы
554,141,1,46800.0,2,1,2,Спящие
555,240,1,29000.0,1,1,1,Спящие
556,318,1,21600.0,1,1,1,Спящие
557,137,1,4950.0,2,1,1,Спящие
558,3,1,9000.0,3,1,1,Новые
560,5,2,41200.0,3,2,2,Чемпионы
561,298,2,59600.0,1,2,2,Под угрозой ухода
562,94,1,52000.0,2,1,2,Спящие
563,340,1,9000.0,1,1,1,Спящие
564,123,3,155800.0,2,3,3,Лояльные
565,34,1,378000.0,3,1,3,Новые
566,66,1,378000.0,3,1,3,Новые
567,125,1,52000.0,2,1,2,Спящие
568,308,1,52000.0,1,1,2,Спящие
569,154,1,45000.0,2,1,2,Спящие
570,297,1,87000.0,1,1,2,Спящие
571,92,1,52000.0,2,1,2,Спящие
572,230,1,6000.0,1,1,1,Спящие
573,217,2,238000.0,1,2,3,Под угрозой ухода
574,80,3,193950.0,2,3,3,Лояльные
575,325,1,9000.0,1,1,1,Спящие
577,163,2,78500.0,2,2,2,Лояльные
578,74,1,78300.0,3,1,2,Новые
579,260,2,144000.0,1,2,3,Под угрозой ухода
580,38,1,8100.0,3,1,1,Новые
581,244,1,12000.0,1,1,1,Спящие
582,290,1,34200.0,1,1,1,Спящие
583,175,1,29000.0,2,1,1,Спящие
584,67,2,180000.0,3,2,3,Чемпионы
585,305,2,173000.0,1,2,3,Под угрозой ухода
587,64,1,420000.0,3,1,3,Новые
588,27,1,7200.0,3,1,1,Новые
589,37,3,278800.0,3,3,3,Чемпионы
590,81,1,38000.0,2,1,1,Спящие
591,226,2,45500.0,1,2,2,Под угрозой ухода
592,299,1,27000.0,1,1,1,Спящие
593,191,2,39600.0,2,2,1,Лояльные
595,96,1,27000.0,2,1,1,Спящие
596,157,4,158000.0,2,3,3,Лояльные
597,156,3,106400.0,2,3,2,Лояльные
599,56,1,6000.0,3,1,1,Новые
601,192,1,72000.0,2,1,2,Спящие
602,348,1,9000.0,1,1,1,Спящие
603,65,2,58000.0,3,2,2,Чемпионы
604,67,1,40500.0,3,1,1,Новые
605,111,1,52000.0,2,1,2,Спящие
607,12,1,180000.0,3,1,3,Новые
608,7,1,38000.0,3,1,1,Новые
610,248,2,209000.0,1,2,3,Под угрозой ухода
612,175,1,420000.0,2,1,3,Спящие
613,197,2,96000.0,2,2,2,Лояльные
614,3,5,178600.0,3,3,3,Чемпионы
615,165,1,72000.0,2,1,2,Спящие
616,240,2,69300.0,1,2,2,Под угрозой ухода
617,55,4,170000.0,3,3,3,Чемпионы
618,47,3,102500.0,3,3,2,Чемпионы
619,66,3,161300.0,3,3,3,Чемпионы
621,33,3,167400.0,3,3,3,Чемпионы
622,107,1,52200.0,2,1,2,Спящие
623,17,1,76000.0,3,1,2,Новые
624,238,3,83000.0,1,3,2,Под угрозой ухода
626,153,1,114000.0,2,1,2,Спящие
627,153,2,449000.0,2,2,3,Лояльные
628,102,1,72000.0,2,1,2,Спящие
629,25,2,42000.0,3,2,2,Чемпионы
630,306,1,9000.0,1,1,1,Спящие
632,274,2,472000.0,1,2,3,Под угрозой ухода
635,283,1,29000.0,1,1,1,Спящие
636,85,4,473100.0,2,3,3,Лояльные
637,146,2,209000.0,2,2,3,Лояльные
638,212,1,48000.0,1,1,2,Спящие
639,105,1,180000.0,2,1,3,Спящие
641,118,3,204000.0,2,3,3,Лояльные
642,63,1,78300.0,3,1,2,Новые
643,3,1,4800.0,3,1,1,Новые
644,221,2,465000.0,1,2,3,Под угрозой ухода
645,61,1,378000.0,3,1,3,Новые
646,52,2,383400.0,3,2,3,Чемпионы
648,6,2,165400.0,3,2,3,Чемпионы
650,196,1,58000.0,2,1,2,Спящие
651,255,1,180000.0,1,1,3,Под угрозой ухода
652,117,1,180000.0,2,1,3,Спящие
653,324,1,45000.0,1,1,2,Спящие
654,23,3,61600.0,3,3,2,Чемпионы
655,33,1,420000.0,3,1,3,Новые
656,37,3,336600.0,3,3,3,Чемпионы
657,176,1,24000.0,2,1,1,Спящие
658,9,1,69600.0,3,1,2,Новые
659,14,2,460500.0,3,2,3,Чемпионы
660,198,2,159500.0,2,2,3,Лояльные
661,207,1,52000.0,1,1,2,Спящие
662,10,1,180000.0,3,1,3,Новые
663,187,1,9000.0,2,1,1,Спящие
664,215,1,9000.0,1,1,1,Спящие
665,85,1,48000.0,2,1,2,Спящие
666,184,1,4950.0,2,1,1,Спящие
667,209,1,46800.0,1,1,2,Спящие
668,320,1,9000.0,1,1,1,Спящие
670,88,1,8100.0,2,1,1,Спящие
671,108,3,501000.0,2,3,3,Лояльные
672,54,2,142000.0,3,2,3,Чемпионы
673,94,1,135000.0,2,1,2,Спящие
674,314,1,420000.0,1,1,3,Под угрозой ухода
675,307,2,80100.0,1,2,2,Под угрозой ухода
676,78,1,16500.0,3,1,1,Новые
677,21,1,45000.0,3,1,2,Новые
678,121,1,6000.0,2,1,1,Спящие
679,213,1,378000.0,1,1,3,Под угрозой ухода
680,311,1,21600.0,1,1,1,Спящие
681,338,1,420000.0,1,1,3,Под угрозой ухода
682,164,3,83000.0,2,3,2,Лояльные
683,148,2,449000.0,2,2,3,Лояльные
684,209,1,8100.0,1,1,1,Спящие
685,67,1,121500.0,3,1,2,Новые
686,106,2,186000.0,2,2,3,Лояльные
687,82,1,180000.0,2,1,3,Спящие
688,242,2,64800.0,1,2,2,Под угрозой ухода
689,249,2,228000.0,1,2,3,Под угрозой ухода
690,125,1,24000.0,2,1,1,Спящие
691,355,1,180000.0,1,1,3,Под угрозой ухода
692,72,1,14850.0,3,1,1,Новые
693,53,1,4950.0,3,1,1,Новые
694,12,4,141200.0,3,3,3,Чемпионы
695,20,1,180000.0,3,1,3,Новые
696,117,1,180000.0,2,1,3,Спящие
697,229,1,29000.0,1,1,1,Спящие
698,228,1,135000.0,1,1,2,Спящие
699,65,1,29000.0,3,1,1,Новые
700,3,1,16500.0,3,1,1,Новые
701,118,1,24000.0,2,1,1,Спящие
702,33,2,44000.0,3,2,2,Чемпионы
703,195,2,193000.0,2,2,3,Лояльные
704,189,3,436000.0,2,3,3,Лояльные
706,46,1,38000.0,3,1,1,Новые
707,118,1,52000.0,2,1,2,Спящие
708,244,1,52200.0,1,1,2,Спящие
709,51,1,5500.0,3,1,1,Новые
710,133,1,5400.0,2,1,1,Спящие
711,72,1,29000.0,3,1,1,Новые
712,98,1,180000.0,2,1,3,Спящие
713,277,1,420000.0,1,1,3,Под угрозой ухода
714,299,1,180000.0,1,1,3,Под угрозой ухода
715,11,3,480100.0,3,3,3,Чемпионы
716,171,2,438000.0,2,2,3,Лояльные
717,130,1,5500.0,2,1,1,Спящие
718,17,1,180000.0,3,1,3,Новые
719,130,4,58500.0,2,3,2,Лояльные
720,31,2,44100.0,3,2,2,Чемпионы
722,326,1,180000.0,1,1,3,Под угрозой ухода
723,123,1,45000.0,2,1,2,Спящие
724,192,2,16500.0,2,2,1,Лояльные
725,27,1,48000.0,3,1,2,Новые
726,166,1,114000.0,2,1,2,Спящие
727,167,1,114000.0,2,1,2,Спящие
728,24,1,64800.0,3,1,2,Новые
729,162,2,69000.0,2,2,2,Лояльные
730,162,1,5500.0,2,1,1,Спящие
731,216,2,390000.0,1,2,3,Под угрозой ухода
732,211,1,9000.0,1,1,1,Спящие
733,146,1,72000.0,2,1,2,Спящие
734,227,2,76000.0,1,2,2,Под угрозой ухода
736,244,2,449000.0,1,2,3,Под угрозой ухода
737,46,1,14400.0,3,1,1,Новые
739,51,1,43200.0,3,1,2,Новые
741,237,3,502000.0,1,3,3,Под угрозой ухода
742,246,1,8100.0,1,1,1,Спящие
743,289,1,52000.0,1,1,2,Спящие
744,71,1,114000.0,3,1,2,Новые
745,8,2,70000.0,3,2,2,Чемпионы
747,151,1,29000.0,2,1,1,Спящие
748,7,3,604400.0,3,3,3,Чемпионы
749,36,1,46800.0,3,1,2,Новые
750,309,2,119000.0,1,2,2,Под угрозой ухода
751,12,1,90000.0,3,1,2,Новые
752,6,1,135000.0,3,1,2,Новые
753,166,1,5500.0,2,1,1,Спящие
756,330,1,38000.0,1,1,1,Спящие
757,77,1,38000.0,3,1,1,Новые
758,233,1,24000.0,1,1,1,Спящие
759,68,2,26400.0,3,2,1,Лояльные
760,262,1,26100.0,1,1,1,Спящие
761,46,1,5400.0,3,1,1,Новые
762,265,1,38000.0,1,1,1,Спящие
763,12,1,41600.0,3,1,2,Новые
765,253,1,52000.0,1,1,2,Спящие
767,236,1,52000.0,1,1,2,Спящие
768,155,1,18000.0,2,1,1,Спящие
770,90,3,243000.0,2,3,3,Лояльные
771,95,2,558000.0,2,2,3,Лояльные
772,109,2,189000.0,2,2,3,Лояльные
773,256,1,16500.0,1,1,1,Спящие
775,351,1,114000.0,1,1,2,Спящие
776,58,2,232000.0,3,2,3,Чемпионы
777,257,1,40500.0,1,1,1,Спящие
778,238,1,29000.0,1,1,1,Спящие
779,12,1,180000.0,3,1,3,Новые
780,109,1,52000.0,2,1,2,Спящие
781,113,1,45000.0,2,1,2,Спящие
782,179,1,180000.0,2,1,3,Спящие
783,15,4,252700.0,3,3,3,Чемпионы
785,322,1,5500.0,1,1,1,Спящие
786,362,1,52000.0,1,1,2,Спящие
787,246,1,29000.0,1,1,1,Спящие
788,253,1,81000.0,1,1,2,Спящие
789,42,1,9000.0,3,1,1,Новые
790,90,2,33900.0,2,2,1,Лояльные
791,91,1,180000.0,2,1,3,Спящие
792,94,1,29000.0,2,1,1,Спящие
793,172,1,24000.0,2,1,1,Спящие
794,19,1,40500.0,3,1,1,Новые
795,208,3,804000.0,1,3,3,Под угрозой ухода
796,275,2,110000.0,1,2,2,Под угрозой ухода
797,5,3,39000.0,3,3,1,Лояльные
798,8,4,359100.0,3,3,3,Чемпионы
799,120,1,16500.0,2,1,1,Спящие
800,247,1,29000.0,1,1,1,Спящие
801,265,2,55100.0,1,2,2,Под угрозой ухода
802,288,3,433950.0,1,3,3,Под угрозой ухода
803,74,1,16200.0,3,1,1,Новые
805,133,1,24000.0,2,1,1,Спящие
806,253,2,301500.0,1,2,3,Под угрозой ухода
807,137,3,146800.0,2,3,3,Лояльные
808,70,1,52200.0,3,1,2,Новые
809,2,8,868000.0,3,3,3,Чемпионы
810,65,2,267000.0,3,2,3,Чемпионы
811,71,3,484800.0,3,3,3,Чемпионы
812,282,2,261000.0,1,2,3,Под угрозой ухода
813,152,1,9000.0,2,1,1,Спящие
814,57,2,540000.0,3,2,3,Чемпионы
815,166,1,45000.0,2,1,2,Спящие
816,76,2,237600.0,3,2,3,Чемпионы
817,13,1,29000.0,3,1,1,Новые
818,181,1,18000.0,2,1,1,Спящие
819,297,2,144000.0,1,2,3,Под угрозой ухода
820,58,1,10800.0,3,1,1,Новые
821,347,1,29000.0,1,1,1,Спящие
822,124,2,558000.0,2,2,3,Лояльные
823,169,1,29000.0,2,1,1,Спящие
824,18,1,6000.0,3,1,1,Новые
826,321,1,14850.0,1,1,1,Спящие
827,36,1,87000.0,3,1,2,Новые
828,104,2,105000.0,2,2,2,Лояльные
829,200,1,420000.0,1,1,3,Под угрозой ухода
830,308,1,27000.0,1,1,1,Спящие
831,32,2,91800.0,3,2,2,Чемпионы
832,312,1,420000.0,1,1,3,Под угрозой ухода
833,316,1,180000.0,1,1,3,Под угрозой ухода
834,130,2,57400.0,2,2,2,Лояльные
835,318,1,180000.0,1,1,3,Под угрозой ухода
836,212,2,144000.0,1,2,3,Под угрозой ухода
837,41,4,697400.0,3,3,3,Чемпионы
838,222,1,45000.0,1,1,2,Спящие
839,76,2,196500.0,3,2,3,Чемпионы
840,316,1,52000.0,1,1,2,Спящие
841,44,1,52000.0,3,1,2,Новые
842,125,1,12000.0,2,1,1,Спящие
843,86,2,45000.0,2,2,2,Лояльные
844,194,1,12000.0,2,1,1,Спящие
846,191,2,69000.0,2,2,2,Лояльные
847,118,1,29000.0,2,1,1,Спящие
848,27,3,144000.0,3,3,3,Чемпионы
849,109,1,378000.0,2,1,3,Спящие
850,185,3,145600.0,2,3,3,Лояльные
851,149,2,57800.0,2,2,2,Лояльные
852,262,1,420000.0,1,1,3,Под угрозой ухода
853,7,1,87000.0,3,1,2,Новые
854,90,2,76000.0,2,2,2,Лояльные
855,206,1,6000.0,1,1,1,Спящие
856,136,2,185500.0,2,2,3,Лояльные
857,201,1,135000.0,1,1,2,Спящие
858,85,3,479600.0,2,3,3,Лояльные
859,30,2,188100.0,3,2,3,Чемпионы
860,46,3,161000.0,3,3,3,Чемпионы
861,82,3,246850.0,2,3,3,Лояльные
862,177,1,16500.0,2,1,1,Спящие
863,51,1,29000.0,3,1,1,Новые
864,232,1,420000.0,1,1,3,Под угрозой ухода
865,24,1,6000.0,3,1,1,Новые
866,30,1,38000.0,3,1,1,Новые
867,187,1,21600.0,2,1,1,Спящие
868,302,2,30000.0,1,2,1,Под угрозой ухода
869,90,1,52000.0,2,1,2,Спящие
870,8,4,147600.0,3,3,3,Чемпионы
871,12,1,52000.0,3,1,2,Новые
872,45,2,45000.0,3,2,2,Чемпионы
873,22,4,191100.0,3,3,3,Чемпионы
874,180,2,426000.0,2,2,3,Лояльные
875,186,1,46800.0,2,1,2,Спящие
876,254,1,38000.0,1,1,1,Спящие
877,211,2,189000.0,1,2,3,Под угрозой ухода
878,135,3,300000.0,2,3,3,Лояльные
880,26,1,72000.0,3,1,2,Новые
881,210,2,294000.0,1,2,3,Под угрозой ухода
883,239,1,40500.0,1,1,1,Спящие
884,256,2,76000.0,1,2,2,Под угрозой ухода
885,76,5,698100.0,3,3,3,Чемпионы
886,130,1,72000.0,2,1,2,Спящие
887,3,1,336000.0,3,1,3,Новые
889,304,1,12000.0,1,1,1,Спящие
890,169,1,87000.0,2,1,2,Спящие
891,229,1,420000.0,1,1,3,Под угрозой ухода
892,34,1,38000.0,3,1,1,Новые
893,163,1,27000.0,2,1,1,Спящие
894,108,2,64000.0,2,2,2,Лояльные
896,58,1,46800.0,3,1,2,Новые
897,194,2,465000.0,2,2,3,Лояльные
898,173,1,38000.0,2,1,1,Спящие
900,144,1,180000.0,2,1,3,Спящие
901,2,1,135000.0,3,1,2,Новые
902,269,1,45000.0,1,1,2,Спящие
903,291,1,87000.0,1,1,2,Спящие
904,45,1,68400.0,3,1,2,Новые
905,302,3,164500.0,1,3,3,Под угрозой ухода
906,140,1,45000.0,2,1,2,Спящие
907,59,2,186000.0,3,2,3,Чемпионы
908,1,1,48000.0,3,1,2,Новые
909,316,1,180000.0,1,1,3,Под угрозой ухода
910,118,3,533100.0,2,3,3,Лояльные
911,89,1,420000.0,2,1,3,Спящие
912,23,2,76000.0,3,2,2,Чемпионы
913,27,3,124450.0,3,3,2,Чемпионы
914,207,2,182400.0,1,2,3,Под угрозой ухода
916,130,1,9000.0,2,1,1,Спящие
917,193,2,432000.0,2,2,3,Лояльные
918,101,4,656000.0,2,3,3,Лояльные
919,130,1,4950.0,2,1,1,Спящие
920,309,2,119500.0,1,2,2,Под угрозой ухода
921,234,1,52000.0,1,1,2,Спящие
922,4,1,52000.0,3,1,2,Новые
923,14,2,57500.0,3,2,2,Чемпионы
924,44,4,82800.0,3,3,2,Чемпионы
925,67,1,6000.0,3,1,1,Новые
926,18,2,66600.0,3,2,2,Чемпионы
927,116,3,176500.0,2,3,3,Лояльные
928,93,1,40500.0,2,1,1,Спящие
930,122,3,471000.0,2,3,3,Лояльные
931,24,1,162000.0,3,1,3,Новые
932,194,2,209000.0,2,2,3,Лояльные
933,231,1,24000.0,1,1,1,Спящие
934,67,2,56000.0,3,2,2,Чемпионы
935,44,1,336000.0,3,1,3,Новые
936,36,1,38000.0,3,1,1,Новые
937,2,5,193200.0,3,3,3,Чемпионы
938,176,1,64800.0,2,1,2,Спящие
940,313,1,72000.0,1,1,2,Спящие
941,25,1,162000.0,3,1,3,Новые
943,231,1,52000.0,1,1,2,Спящие
944,160,3,72000.0,2,3,2,Лояльные
945,66,1,29000.0,3,1,1,Новые
947,35,1,420000.0,3,1,3,Новые
948,160,6,820200.0,2,3,3,Лояльные
950,254,1,48000.0,1,1,2,Спящие
951,33,1,26100.0,3,1,1,Новые
952,223,1,5400.0,1,1,1,Спящие
953,322,1,24000.0,1,1,1,Спящие
954,278,1,420000.0,1,1,3,Под угрозой ухода
955,5,1,38000.0,3,1,1,Новые
956,303,3,100300.0,1,3,2,Под угрозой ухода
957,117,1,420000.0,2,1,3,Спящие
958,91,1,180000.0,2,1,3,Спящие
959,7,1,180000.0,3,1,3,Новые
960,146,1,420000.0,2,1,3,Спящие
961,241,1,18000.0,1,1,1,Спящие
963,153,2,22000.0,2,2,1,Лояльные
964,293,1,6000.0,1,1,1,Спящие
965,329,1,5400.0,1,1,1,Спящие
966,27,1,144000.0,3,1,3,Новые
967,227,2,102000.0,1,2,2,Под угрозой ухода
968,154,1,11000.0,2,1,1,Спящие
969,111,3,236000.0,2,3,3,Лояльные
970,302,1,16500.0,1,1,1,Спящие
971,138,1,420000.0,2,1,3,Спящие
972,214,1,18000.0,1,1,1,Спящие
973,41,2,170800.0,3,2,3,Чемпионы
974,6,1,64800.0,3,1,2,Новые
975,207,1,180000.0,1,1,3,Под угрозой ухода
976,219,1,52000.0,1,1,2,Спящие
977,188,5,183100.0,2,3,3,Лояльные
978,213,2,141000.0,1,2,3,Под угрозой ухода
979,105,1,29000.0,2,1,1,Спящие
980,358,1,24000.0,1,1,1,Спящие
981,171,3,61100.0,2,3,2,Лояльные
982,51,2,87000.0,3,2,2,Чемпионы
983,117,1,68400.0,2,1,2,Спящие
985,227,3,55900.0,1,3,2,Под угрозой ухода
986,159,1,16200.0,2,1,1,Спящие
987,103,1,52000.0,2,1,2,Спящие
988,153,1,8100.0,2,1,1,Спящие
989,40,1,52000.0,3,1,2,Новые
990,66,3,258000.0,3,3,3,Чемпионы
991,276,1,29000.0,1,1,1,Спящие
992,33,1,5400.0,3,1,1,Новые
993,34,1,24000.0,3,1,1,Новые
994,240,1,6000.0,1,1,1,Спящие
995,133,1,52000.0,2,1,2,Спящие
996,331,1,38000.0,1,1,1,Спящие
997,271,1,24000.0,1,1,1,Спящие
998,1,1,180000.0,3,1,3,Новые
999,180,1,5500.0,2,1,1,Спящие
1000,115,3,23400.0,2,3,1,Лояльные
1001,222,1,45000.0,1,1,2,Спящие
1002,185,3,572000.0,2,3,3,Лояльные
1003,94,1,420000.0,2,1,3,Спящие
1004,61,1,64800.0,3,1,2,Новые
1005,95,1,114000.0,2,1,2,Спящие
1006,69,1,9000.0,3,1,1,Новые
1007,308,1,87000.0,1,1,2,Спящие
1008,303,1,5400.0,1,1,1,Спящие
1009,341,1,12000.0,1,1,1,Спящие
1010,327,2,32500.0,1,2,1,Под угрозой ухода
1011,38,5,243000.0,3,3,3,Чемпионы
1012,335,2,81000.0,1,2,2,Под угрозой ухода
1013,22,1,52000.0,3,1,2,Новые
1014,72,1,5400.0,3,1,1,Новые
1015,317,1,40500.0,1,1,1,Спящие
1016,19,1,420000.0,3,1,3,Новые
1017,34,5,180000.0,3,3,3,Чемпионы
1018,3,4,258000.0,3,3,3,Чемпионы
1019,202,1,162000.0,1,1,3,Под угрозой ухода
1020,340,2,80400.0,1,2,2,Под угрозой ухода
1021,165,2,388800.0,2,2,3,Лояльные
1023,264,1,87000.0,1,1,2,Спящие
1025,346,1,5500.0,1,1,1,Спящие
1027,305,3,297000.0,1,3,3,Под угрозой ухода
1028,199,1,121500.0,2,1,2,Спящие
1029,148,4,211600.0,2,3,3,Лояльные
1030,283,1,162000.0,1,1,3,Под угрозой ухода
1031,238,1,16500.0,1,1,1,Спящие
1033,322,1,180000.0,1,1,3,Под угрозой ухода
1034,19,2,498000.0,3,2,3,Чемпионы
1036,294,1,135000.0,1,1,2,Спящие
1037,191,1,45000.0,2,1,2,Спящие
1038,193,1,52000.0,2,1,2,Спящие
1039,318,1,29000.0,1,1,1,Спящие
1041,131,1,52000.0,2,1,2,Спящие
1042,71,2,128000.0,3,2,2,Чемпионы
1043,91,2,162000.0,2,2,3,Лояльные
1044,253,3,99000.0,1,3,2,Под угрозой ухода
1045,95,5,631500.0,2,3,3,Лояльные
1046,284,2,238000.0,1,2,3,Под угрозой ухода
1047,181,3,171600.0,2,3,3,Лояльные
1048,181,1,11000.0,2,1,1,Спящие
1049,206,1,4950.0,1,1,1,Спящие
1050,227,6,292400.0,1,3,3,Под угрозой ухода
1051,71,1,21600.0,3,1,1,Новые
1052,114,1,5500.0,2,1,1,Спящие
1053,247,2,204000.0,1,2,3,Под угрозой ухода
1054,249,1,52000.0,1,1,2,Спящие
1055,24,2,76000.0,3,2,2,Чемпионы
1056,319,1,34200.0,1,1,1,Спящие
1057,225,2,472000.0,1,2,3,Под угрозой ухода
1058,19,2,13600.0,3,2,1,Лояльные
1059,164,2,447000.0,2,2,3,Лояльные
1060,331,1,420000.0,1,1,3,Под угрозой ухода
1061,161,1,52000.0,2,1,2,Спящие
1062,145,1,24000.0,2,1,1,Спящие
1063,253,3,372000.0,1,3,3,Под угрозой ухода
1064,94,4,518000.0,2,3,3,Лояльные
1065,231,1,52000.0,1,1,2,Спящие
1066,35,2,100000.0,3,2,2,Чемпионы
1067,163,1,24000.0,2,1,1,Спящие
1068,87,1,6000.0,2,1,1,Спящие
1069,85,1,27000.0,2,1,1,Спящие
1070,181,1,114000.0,2,1,2,Спящие
1072,149,1,29000.0,2,1,1,Спящие
1073,46,1,38000.0,3,1,1,Новые
1074,217,1,180000.0,1,1,3,Под угрозой ухода
1075,49,2,54000.0,3,2,2,Чемпионы
1076,246,1,58000.0,1,1,2,Спящие
1077,15,2,75200.0,3,2,2,Чемпионы
1078,336,1,72000.0,1,1,2,Спящие
1079,63,1,45000.0,3,1,2,Новые
1080,104,2,47000.0,2,2,2,Лояльные
1081,277,1,180000.0,1,1,3,Под угрозой ухода
1082,6,1,16200.0,3,1,1,Новые
1084,28,2,144000.0,3,2,3,Чемпионы
1085,113,1,52000.0,2,1,2,Спящие
1086,340,1,10800.0,1,1,1,Спящие
1087,246,1,9000.0,1,1,1,Спящие
1088,167,2,600000.0,2,2,3,Лояльные
1089,175,4,533800.0,2,3,3,Лояльные
1090,197,1,16500.0,2,1,1,Спящие
1091,1,1,87000.0,3,1,2,Новые
1092,2,2,171600.0,3,2,3,Чемпионы
1093,164,1,27000.0,2,1,1,Спящие
1094,60,1,24000.0,3,1,1,Новые
1095,289,1,29000.0,1,1,1,Спящие
1096,139,1,34200.0,2,1,1,Спящие
1097,27,1,21600.0,3,1,1,Новые
1098,72,1,72000.0,3,1,2,Новые
1099,30,4,613000.0,3,3,3,Чемпионы
1100,272,1,5500.0,1,1,1,Спящие
1101,92,2,29000.0,2,2,1,Лояльные
1102,6,1,29000.0,3,1,1,Новые
1103,66,1,46800.0,3,1,2,Новые
1104,48,1,6000.0,3,1,1,Новые
1105,106,1,9000.0,2,1,1,Спящие
1107,35,1,72000.0,3,1,2,Новые
1109,191,1,420000.0,2,1,3,Спящие
1110,235,1,8100.0,1,1,1,Спящие
1111,248,1,135000.0,1,1,2,Спящие
1112,140,1,5500.0,2,1,1,Спящие
1113,114,2,119000.0,2,2,2,Лояльные
1114,79,1,38000.0,3,1,1,Новые
1115,61,1,38400.0,3,1,1,Новые
1116,277,1,24000.0,1,1,1,Спящие
1117,218,3,252200.0,1,3,3,Под угрозой ухода
1118,5,4,585200.0,3,3,3,Чемпионы
1119,169,1,24000.0,2,1,1,Спящие
1120,314,1,378000.0,1,1,3,Под угрозой ухода
1121,117,1,180000.0,2,1,3,Спящие
1122,14,3,237800.0,3,3,3,Чемпионы
1123,285,1,16500.0,1,1,1,Спящие
1124,215,2,465000.0,1,2,3,Под угрозой ухода
1125,84,1,12000.0,2,1,1,Спящие
1126,237,1,46800.0,1,1,2,Спящие
1127,78,1,378000.0,3,1,3,Новые
1128,174,1,420000.0,2,1,3,Спящие
1129,24,1,76000.0,3,1,2,Новые
1130,249,2,50000.0,1,2,2,Под угрозой ухода
1131,210,1,162000.0,1,1,3,Под угрозой ухода
1132,261,2,226800.0,1,2,3,Под угрозой ухода
1133,22,3,490000.0,3,3,3,Чемпионы
1134,33,1,6000.0,3,1,1,Новые
1135,169,1,29000.0,2,1,1,Спящие
1136,140,2,63000.0,2,2,2,Лояльные
1137,225,1,9000.0,1,1,1,Спящие
1139,185,1,6000.0,2,1,1,Спящие
1140,55,1,87000.0,3,1,2,Новые
1141,164,1,420000.0,2,1,3,Спящие
1142,27,1,378000.0,3,1,3,Новые
1143,62,1,38000.0,3,1,1,Новые
1144,325,1,27000.0,1,1,1,Спящие
1145,266,5,754000.0,1,3,3,Под угрозой ухода
1146,1,2,282600.0,3,2,3,Чемпионы
1147,296,1,29000.0,1,1,1,Спящие
1148,279,1,420000.0,1,1,3,Под угрозой ухода
1149,226,3,645000.0,1,3,3,Под угрозой ухода
1150,13,1,58000.0,3,1,2,Новые
1151,41,1,34200.0,3,1,1,Новые
1152,202,1,9000.0,1,1,1,Спящие
1153,328,1,180000.0,1,1,3,Под угрозой ухода
1154,76,1,21600.0,3,1,1,Новые
1155,126,1,14850.0,2,1,1,Спящие
1156,2,1,52000.0,3,1,2,Новые
1157,146,1,87000.0,2,1,2,Спящие
1158,68,1,5500.0,3,1,1,Новые
1159,305,1,29000.0,1,1,1,Спящие
1160,303,2,201600.0,1,2,3,Под угрозой ухода
1161,179,1,378000.0,2,1,3,Спящие
1164,41,1,144000.0,3,1,3,Новые
1165,338,1,420000.0,1,1,3,Под угрозой ухода
1166,5,1,45000.0,3,1,2,Новые
1167,202,2,73800.0,1,2,2,Под угрозой ухода
1168,209,1,38000.0,1,1,1,Спящие
1169,6,1,144000.0,3,1,3,Новые
1170,153,2,131600.0,2,2,2,Лояльные
1171,106,2,600000.0,2,2,3,Лояльные
1172,25,2,61200.0,3,2,2,Чемпионы
1173,129,1,8100.0,2,1,1,Спящие
1174,112,2,72000.0,2,2,2,Лояльные
1176,196,1,24000.0,2,1,1,Спящие
1177,9,5,447000.0,3,3,3,Чемпионы
1178,110,3,222000.0,2,3,3,Лояльные
1179,308,3,866100.0,1,3,3,Под угрозой ухода
1180,109,2,472000.0,2,2,3,Лояльные
1181,121,1,38000.0,2,1,1,Спящие
1182,301,1,45000.0,1,1,2,Спящие
1183,36,2,61000.0,3,2,2,Чемпионы
1184,19,3,102800.0,3,3,2,Чемпионы
1186,11,1,90000.0,3,1,2,Новые
1187,330,1,38000.0,1,1,1,Спящие
1188,248,1,29000.0,1,1,1,Спящие
1189,17,1,24300.0,3,1,1,Новые
1190,100,1,420000.0,2,1,3,Спящие
1191,16,1,6000.0,3,1,1,Новые
1192,26,1,23200.0,3,1,1,Новые
1193,249,1,6000.0,1,1,1,Спящие
1194,197,2,94800.0,2,2,2,Лояльные
1195,125,2,555000.0,2,2,3,Лояльные
1196,101,3,484000.0,2,3,3,Лояльные
1197,211,1,38000.0,1,1,1,Спящие
1199,20,1,420000.0,3,1,3,Новые
1200,77,1,46800.0,3,1,2,Новые
1201,212,1,420000.0,1,1,3,Под угрозой ухода
1202,186,1,18000.0,2,1,1,Спящие
1203,220,1,21600.0,1,1,1,Спящие
1204,23,1,4400.0,3,1,1,Новые
1205,240,1,72000.0,1,1,2,Спящие
1206,22,2,33400.0,3,2,1,Лояльные
1208,209,1,29000.0,1,1,1,Спящие
1209,161,1,87000.0,2,1,2,Спящие
1210,70,1,9000.0,3,1,1,Новые
1211,212,3,120800.0,1,3,2,Под угрозой ухода
1212,29,2,443200.0,3,2,3,Чемпионы
1213,102,1,27000.0,2,1,1,Спящие
1214,21,1,52000.0,3,1,2,Новые
1216,11,3,103750.0,3,3,2,Чемпионы
1217,12,1,180000.0,3,1,3,Новые
1218,238,2,57500.0,1,2,2,Под угрозой ухода
1219,16,4,238800.0,3,3,3,Чемпионы
1220,45,3,481000.0,3,3,3,Чемпионы
1221,301,1,48000.0,1,1,2,Спящие
1222,64,1,76000.0,3,1,2,Новые
1223,121,1,29000.0,2,1,1,Спящие
1225,263,2,465000.0,1,2,3,Под угрозой ухода
1226,263,1,16500.0,1,1,1,Спящие
1227,21,3,47000.0,3,3,2,Чемпионы
1228,119,3,87000.0,2,3,2,Лояльные
1229,42,1,18000.0,3,1,1,Новые
1230,332,2,70800.0,1,2,2,Под угрозой ухода
1231,161,3,89100.0,2,3,2,Лояльные
1232,295,2,472000.0,1,2,3,Под угрозой ухода
1233,9,4,532000.0,3,3,3,Чемпионы
1234,163,1,420000.0,2,1,3,Спящие
1235,111,3,480000.0,2,3,3,Лояльные
1236,91,1,180000.0,2,1,3,Спящие
1237,37,1,144000.0,3,1,3,Новые
1238,187,1,420000.0,2,1,3,Спящие
1239,32,3,99200.0,3,3,2,Чемпионы
1240,331,2,100000.0,1,2,2,Под угрозой ухода
1241,91,1,43200.0,2,1,2,Спящие
1243,108,1,420000.0,2,1,3,Спящие
1244,26,3,119000.0,3,3,2,Чемпионы
1245,296,1,21600.0,1,1,1,Спящие
1246,84,2,172000.0,2,2,3,Лояльные
1247,25,1,12000.0,3,1,1,Новые
1249,337,1,18000.0,1,1,1,Спящие
1250,271,2,56950.0,1,2,2,Под угрозой ухода
1251,5,1,45000.0,3,1,2,Новые
1252,260,1,5500.0,1,1,1,Спящие
1253,277,1,16500.0,1,1,1,Спящие
1254,300,2,234000.0,1,2,3,Под угрозой ухода
1255,19,1,41600.0,3,1,2,Новые
1258,211,1,24000.0,1,1,1,Спящие
1259,261,1,81000.0,1,1,2,Спящие
1260,98,1,180000.0,2,1,3,Спящие
1261,150,1,9000.0,2,1,1,Спящие
1262,109,1,46800.0,2,1,2,Спящие
1263,106,2,204000.0,2,2,3,Лояльные
1264,20,1,72000.0,3,1,2,Новые
1265,67,1,9000.0,3,1,1,Новые
1266,315,1,16200.0,1,1,1,Спящие
1267,309,1,5400.0,1,1,1,Спящие
1268,123,1,11000.0,2,1,1,Спящие
1269,112,2,54500.0,2,2,2,Лояльные
1270,339,1,162000.0,1,1,3,Под угрозой ухода
1271,18,1,336000.0,3,1,3,Новые
1273,353,1,18000.0,1,1,1,Спящие
1274,68,2,110000.0,3,2,2,Чемпионы
1275,13,1,68400.0,3,1,2,Новые
1276,172,1,27000.0,2,1,1,Спящие
1277,135,2,232000.0,2,2,3,Лояльные
1278,167,1,420000.0,2,1,3,Спящие
1279,119,2,39800.0,2,2,1,Лояльные
1280,307,1,162000.0,1,1,3,Под угрозой ухода
1281,186,3,488200.0,2,3,3,Лояльные
1282,101,2,63500.0,2,2,2,Лояльные
1283,271,1,24000.0,1,1,1,Спящие
1284,19,2,75800.0,3,2,2,Чемпионы
1285,297,1,180000.0,1,1,3,Под угрозой ухода
1286,153,1,45000.0,2,1,2,Спящие
1287,26,1,6000.0,3,1,1,Новые
1289,66,1,4950.0,3,1,1,Новые
1290,100,2,225000.0,2,2,3,Лояльные
1291,45,1,52000.0,3,1,2,Новые
1293,26,1,24000.0,3,1,1,Новые
1294,57,2,80950.0,3,2,2,Чемпионы
1295,300,2,186000.0,1,2,3,Под угрозой ухода
1296,117,1,38000.0,2,1,1,Спящие
1297,319,1,26100.0,1,1,1,Спящие
1298,188,2,63300.0,2,2,2,Лояльные
1300,216,2,196200.0,1,2,3,Под угрозой ухода
1301,66,1,58000.0,3,1,2,Новые
1302,116,2,121000.0,2,2,2,Лояльные
1303,25,1,144000.0,3,1,3,Новые
1304,332,2,35100.0,1,2,1,Под угрозой ухода
1305,145,5,941500.0,2,3,3,Лояльные
1306,9,2,424400.0,3,2,3,Чемпионы
1307,230,1,24000.0,1,1,1,Спящие
1308,183,1,21600.0,2,1,1,Спящие
1309,118,3,259000.0,2,3,3,Лояльные
1310,47,1,45000.0,3,1,2,Новые
1312,23,1,180000.0,3,1,3,Новые
1313,35,1,72000.0,3,1,2,Новые
1314,96,1,34200.0,2,1,1,Спящие
1315,280,1,38000.0,1,1,1,Спящие
1316,21,2,88000.0,3,2,2,Чемпионы
1317,99,5,124950.0,2,3,2,Лояльные
1318,233,2,600000.0,1,2,3,Под угрозой ухода
1320,36,1,40500.0,3,1,1,Новые
1321,134,1,378000.0,2,1,3,Спящие
1323,89,1,45000.0,2,1,2,Спящие
1324,143,1,114000.0,2,1,2,Спящие
1325,97,1,5500.0,2,1,1,Спящие
1327,299,1,52000.0,1,1,2,Спящие
1328,36,2,78000.0,3,2,2,Чемпионы
1329,169,1,24000.0,2,1,1,Спящие
1330,8,1,45000.0,3,1,2,Новые
1331,181,1,135000.0,2,1,2,Спящие
1332,295,1,378000.0,1,1,3,Под угрозой ухода
1333,93,1,16500.0,2,1,1,Спящие
1334,79,4,106800.0,3,3,2,Чемпионы
1335,41,1,52000.0,3,1,2,Новые
1336,32,4,545800.0,3,3,3,Чемпионы
1338,150,3,308000.0,2,3,3,Лояльные
1339,74,4,643500.0,3,3,3,Чемпионы
1340,28,3,322000.0,3,3,3,Чемпионы
1341,23,1,16200.0,3,1,1,Новые
1342,85,1,114000.0,2,1,2,Спящие
1343,355,1,420000.0,1,1,3,Под угрозой ухода
1344,291,1,38000.0,1,1,1,Спящие
1346,211,1,29000.0,1,1,1,Спящие
1347,330,1,52000.0,1,1,2,Спящие
1348,56,2,42400.0,3,2,2,Чемпионы
1349,311,1,21600.0,1,1,1,Спящие
1350,34,4,205700.0,3,3,3,Чемпионы
1351,69,1,18000.0,3,1,1,Новые
1352,6,1,38000.0,3,1,1,Новые
1353,75,4,600100.0,3,3,3,Чемпионы
1354,1,2,123900.0,3,2,2,Чемпионы
1355,270,2,43200.0,1,2,2,Под угрозой ухода
1356,130,1,5500.0,2,1,1,Спящие
1358,32,2,232000.0,3,2,3,Чемпионы
1359,263,1,27000.0,1,1,1,Спящие
1360,11,1,19200.0,3,1,1,Новые
1361,83,2,429000.0,2,2,3,Лояльные
1362,177,3,148000.0,2,3,3,Лояльные
1363,62,1,52000.0,3,1,2,Новые
1364,103,2,77500.0,2,2,2,Лояльные
1365,233,2,180000.0,1,2,3,Под угрозой ухода
1368,267,3,404850.0,1,3,3,Под угрозой ухода
1369,253,1,114000.0,1,1,2,Спящие
1370,100,1,121500.0,2,1,2,Спящие
1372,254,1,162000.0,1,1,3,Под угрозой ухода
1373,213,1,114000.0,1,1,2,Спящие
1374,93,1,34200.0,2,1,1,Спящие
1375,25,1,45000.0,3,1,2,Новые
1376,135,1,180000.0,2,1,3,Спящие
1377,45,1,114000.0,3,1,2,Новые
1378,200,1,46800.0,1,1,2,Спящие
1379,297,1,180000.0,1,1,3,Под угрозой ухода
1380,221,1,180000.0,1,1,3,Под угрозой ухода
1381,161,2,144000.0,2,2,3,Лояльные
1382,29,2,168000.0,3,2,3,Чемпионы
1383,191,3,436000.0,2,3,3,Лояльные
1384,314,1,420000.0,1,1,3,Под угрозой ухода
1385,85,1,52000.0,2,1,2,Спящие
1386,258,1,162000.0,1,1,3,Под угрозой ухода
1387,12,1,52000.0,3,1,2,Новые
1388,75,2,116100.0,3,2,2,Чемпионы
1389,1,4,440000.0,3,3,3,Чемпионы
1390,5,1,14850.0,3,1,1,Новые
1391,196,1,8100.0,2,1,1,Спящие
1393,68,1,5500.0,3,1,1,Новые
1394,26,3,123500.0,3,3,2,Чемпионы
1395,140,1,378000.0,2,1,3,Спящие
1396,241,2,104000.0,1,2,2,Под угрозой ухода
1397,41,1,52000.0,3,1,2,Новые
1398,338,1,45000.0,1,1,2,Спящие
1399,104,1,52000.0,2,1,2,Спящие
1400,135,4,294000.0,2,3,3,Лояльные
1401,133,1,8100.0,2,1,1,Спящие
1402,347,1,45000.0,1,1,2,Спящие
1403,288,1,420000.0,1,1,3,Под угрозой ухода
1404,79,1,9000.0,3,1,1,Новые
1406,31,1,5500.0,3,1,1,Новые
1407,81,1,52000.0,2,1,2,Спящие
1408,343,1,40500.0,1,1,1,Спящие
1409,36,3,58000.0,3,3,2,Чемпионы
1410,165,2,133500.0,2,2,2,Лояльные
1411,108,1,420000.0,2,1,3,Спящие
1412,74,2,20000.0,3,2,1,Лояльные
1413,50,1,34200.0,3,1,1,Новые
1414,266,1,29000.0,1,1,1,Спящие
1415,122,6,496950.0,2,3,3,Лояльные
1417,131,4,792000.0,2,3,3,Лояльные
1419,196,1,11000.0,2,1,1,Спящие
1420,245,1,5500.0,1,1,1,Спящие
1421,257,1,45000.0,1,1,2,Спящие
1422,5,2,47600.0,3,2,2,Чемпионы
1423,286,1,48000.0,1,1,2,Спящие
1425,201,1,180000.0,1,1,3,Под угрозой ухода
1426,26,2,44100.0,3,2,2,Чемпионы
1427,196,4,605400.0,2,3,3,Лояльные
1428,119,1,29000.0,2,1,1,Спящие
1429,177,2,34200.0,2,2,1,Лояльные
1430,26,1,8100.0,3,1,1,Новые
1431,286,1,8100.0,1,1,1,Спящие
1432,28,2,50400.0,3,2,2,Чемпионы
1433,335,2,436500.0,1,2,3,Под угрозой ухода
1434,65,1,420000.0,3,1,3,Новые
1435,254,1,29000.0,1,1,1,Спящие
1436,78,1,16500.0,3,1,1,Новые
1437,23,1,72000.0,3,1,2,Новые
1438,226,2,191000.0,1,2,3,Под угрозой ухода
1439,207,1,9000.0,1,1,1,Спящие
1440,311,1,378000.0,1,1,3,Под угрозой ухода
1442,50,1,336000.0,3,1,3,Новые
1443,115,4,941000.0,2,3,3,Лояльные
1444,70,1,45000.0,3,1,2,Новые
1446,74,2,141000.0,3,2,3,Чемпионы
1447,170,4,423000.0,2,3,3,Лояльные
1448,132,3,244000.0,2,3,3,Лояльные
1449,332,1,11000.0,1,1,1,Спящие
1450,303,1,52000.0,1,1,2,Спящие
1451,175,3,117800.0,2,3,2,Лояльные
1452,48,2,418500.0,3,2,3,Чемпионы
1453,166,1,180000.0,2,1,3,Спящие
1454,325,1,87000.0,1,1,2,Спящие
1455,62,3,36000.0,3,3,1,Лояльные
1456,188,1,72000.0,2,1,2,Спящие
1457,12,3,281000.0,3,3,3,Чемпионы
1458,20,2,42000.0,3,2,2,Чемпионы
1459,6,2,388000.0,3,2,3,Чемпионы
1460,280,2,76000.0,1,2,2,Под угрозой ухода
1461,263,3,511200.0,1,3,3,Под угрозой ухода
1462,194,1,45000.0,2,1,2,Спящие
1463,114,1,378000.0,2,1,3,Спящие
1464,27,1,8100.0,3,1,1,Новые
1465,340,1,11000.0,1,1,1,Спящие
1466,64,5,500600.0,3,3,3,Чемпионы
1467,44,2,90000.0,3,2,2,Чемпионы
1468,190,2,130500.0,2,2,2,Лояльные
1469,24,3,20000.0,3,3,1,Лояльные
1470,25,1,420000.0,3,1,3,Новые
1471,246,1,34200.0,1,1,1,Спящие
1472,111,2,32500.0,2,2,1,Лояльные
1473,50,1,45000.0,3,1,2,Новые
1475,176,3,46000.0,2,3,2,Лояльные
1476,86,2,29500.0,2,2,1,Лояльные
1477,93,2,425500.0,2,2,3,Лояльные
1478,209,2,425500.0,1,2,3,Под угрозой ухода
1479,15,1,5400.0,3,1,1,Новые
1480,306,1,21600.0,1,1,1,Спящие
1481,56,1,23200.0,3,1,1,Новые
1482,14,3,104200.0,3,3,2,Чемпионы
1483,26,1,13200.0,3,1,1,Новые
1485,32,1,5400.0,3,1,1,Новые
1486,216,2,390000.0,1,2,3,Под угрозой ухода
1487,116,1,76000.0,2,1,2,Спящие
1488,59,1,45000.0,3,1,2,Новые
1489,8,1,4950.0,3,1,1,Новые
1490,139,5,115650.0,2,3,2,Лояльные
1491,301,2,19800.0,1,2,1,Под угрозой ухода
1492,149,2,93000.0,2,2,2,Лояльные
1493,267,2,128000.0,1,2,2,Под угрозой ухода
1494,350,2,63000.0,1,2,2,Под угрозой ухода
1496,147,1,6000.0,2,1,1,Спящие
1497,76,2,428100.0,3,2,3,Чемпионы
1498,221,1,14850.0,1,1,1,Спящие
1501,47,3,64500.0,3,3,2,Чемпионы
1502,179,1,26100.0,2,1,1,Спящие
1503,289,1,6000.0,1,1,1,Спящие
1504,244,1,378000.0,1,1,3,Под угрозой ухода
1505,235,1,180000.0,1,1,3,Под угрозой ухода
1506,139,2,106400.0,2,2,2,Лояльные
1507,14,1,6000.0,3,1,1,Новые
1508,35,1,48000.0,3,1,2,Новые
1509,209,2,68700.0,1,2,2,Под угрозой ухода
1510,311,1,27000.0,1,1,1,Спящие
1512,16,2,88000.0,3,2,2,Чемпионы
1514,266,2,429000.0,1,2,3,Под угрозой ухода
1515,206,4,236100.0,1,3,3,Под угрозой ухода
1516,67,4,493900.0,3,3,3,Чемпионы
1517,54,1,336000.0,3,1,3,Новые
1518,10,1,121500.0,3,1,2,Новые
1519,173,2,204000.0,2,2,3,Лояльные
1521,185,1,6000.0,2,1,1,Спящие
1522,254,1,9000.0,1,1,1,Спящие
1523,329,1,52000.0,1,1,2,Спящие
1524,60,2,449000.0,3,2,3,Чемпионы
1525,94,3,90100.0,2,3,2,Лояльные
1526,101,2,64100.0,2,2,2,Лояльные
1528,59,3,93300.0,3,3,2,Чемпионы
1529,305,1,38000.0,1,1,1,Спящие
1531,8,1,420000.0,3,1,3,Новые
1532,117,1,420000.0,2,1,3,Спящие
1533,131,1,5500.0,2,1,1,Спящие
1534,347,1,5500.0,1,1,1,Спящие
1535,154,2,22950.0,2,2,1,Лояльные
1536,14,1,16500.0,3,1,1,Новые
1537,148,1,180000.0,2,1,3,Спящие
1538,335,2,429000.0,1,2,3,Под угрозой ухода
1539,151,3,236000.0,2,3,3,Лояльные
1540,7,7,1135200.0,3,3,3,Чемпионы
1541,73,2,465000.0,3,2,3,Чемпионы
1542,65,1,420000.0,3,1,3,Новые
1544,237,2,192000.0,1,2,3,Под угрозой ухода
1545,223,1,26100.0,1,1,1,Спящие
1546,129,4,862500.0,2,3,3,Лояльные
1547,143,3,195000.0,2,3,3,Лояльные
1548,21,1,336000.0,3,1,3,Новые
1549,69,2,166000.0,3,2,3,Чемпионы
1550,106,2,148000.0,2,2,3,Лояльные
1551,71,1,52000.0,3,1,2,Новые
1552,76,2,20000.0,3,2,1,Лояльные
1553,69,1,52000.0,3,1,2,Новые
1554,146,1,420000.0,2,1,3,Спящие
1555,107,1,12000.0,2,1,1,Спящие
1556,266,1,180000.0,1,1,3,Под угрозой ухода
1557,100,1,38000.0,2,1,1,Спящие
1559,309,1,52000.0,1,1,2,Спящие
1560,224,1,18000.0,1,1,1,Спящие
1561,106,3,74500.0,2,3,2,Лояльные
1562,170,1,45000.0,2,1,2,Спящие
1563,145,1,16500.0,2,1,1,Спящие
1564,48,2,216000.0,3,2,3,Чемпионы
1565,290,2,114000.0,1,2,2,Под угрозой ухода
1566,245,3,365500.0,1,3,3,Под угрозой ухода
1567,77,1,24000.0,3,1,1,Новые
1568,290,1,76000.0,1,1,2,Спящие
1569,80,4,171900.0,2,3,3,Лояльные
1570,15,2,458000.0,3,2,3,Чемпионы
1571,43,1,180000.0,3,1,3,Новые
1572,71,2,50400.0,3,2,2,Чемпионы
1573,68,1,45000.0,3,1,2,Новые
1574,278,1,9000.0,1,1,1,Спящие
1575,88,3,152100.0,2,3,3,Лояльные
1577,71,1,5500.0,3,1,1,Новые
1578,349,2,95200.0,1,2,2,Под угрозой ухода
1580,64,1,58000.0,3,1,2,Новые
1581,217,1,114000.0,1,1,2,Спящие
1582,113,1,9900.0,2,1,1,Спящие
1583,324,1,9000.0,1,1,1,Спящие
1584,32,1,420000.0,3,1,3,Новые
1585,13,2,425500.0,3,2,3,Чемпионы
1587,326,1,5400.0,1,1,1,Спящие
1588,90,1,72000.0,2,1,2,Спящие
1589,194,2,16400.0,2,2,1,Лояльные
1590,129,1,43200.0,2,1,2,Спящие
1591,57,1,420000.0,3,1,3,Новые
1592,280,1,52000.0,1,1,2,Спящие
1593,228,2,90000.0,1,2,2,Под угрозой ухода
1594,5,1,9900.0,3,1,1,Новые
1595,90,2,42000.0,2,2,2,Лояльные
1596,10,3,207300.0,3,3,3,Чемпионы
1597,158,1,4950.0,2,1,1,Спящие
1598,307,1,45000.0,1,1,2,Спящие
1599,20,1,52000.0,3,1,2,Новые
1600,203,2,63000.0,1,2,2,Под угрозой ухода
1601,14,2,261000.0,3,2,3,Чемпионы
1602,277,1,52000.0,1,1,2,Спящие
1603,190,1,38000.0,2,1,1,Спящие
1605,292,1,5500.0,1,1,1,Спящие
1606,266,1,180000.0,1,1,3,Под угрозой ухода
1607,33,1,14400.0,3,1,1,Новые
1608,37,1,45000.0,3,1,2,Новые
1609,187,1,9000.0,2,1,1,Спящие
1610,256,2,458000.0,1,2,3,Под угрозой ухода
1611,210,3,609900.0,1,3,3,Под угрозой ухода
1612,94,1,24000.0,2,1,1,Спящие
1613,183,1,6000.0,2,1,1,Спящие
1614,9,1,144000.0,3,1,3,Новые
1615,47,2,93600.0,3,2,2,Чемпионы
1616,206,1,162000.0,1,1,3,Под угрозой ухода
1617,85,1,52000.0,2,1,2,Спящие
1618,28,2,180000.0,3,2,3,Чемпионы
1619,29,1,52000.0,3,1,2,Новые
1620,223,1,9000.0,1,1,1,Спящие
1621,62,2,25500.0,3,2,1,Лояльные
1622,5,1,14400.0,3,1,1,Новые
1623,83,1,180000.0,2,1,3,Спящие
1624,321,1,420000.0,1,1,3,Под угрозой ухода
1626,6,1,40500.0,3,1,1,Новые
1627,356,1,102600.0,1,1,2,Спящие
1628,232,4,643400.0,1,3,3,Под угрозой ухода
1629,224,1,420000.0,1,1,3,Под угрозой ухода
1631,103,1,26100.0,2,1,1,Спящие
1632,104,1,180000.0,2,1,3,Спящие
1633,161,2,48000.0,2,2,2,Лояльные
1634,272,2,15900.0,1,2,1,Под угрозой ухода
1635,211,2,465000.0,1,2,3,Под угрозой ухода
1636,232,1,38000.0,1,1,1,Спящие
1637,294,2,840000.0,1,2,3,Под угрозой ухода
1638,158,1,48000.0,2,1,2,Спящие
1639,277,2,132000.0,1,2,2,Под угрозой ухода
1640,253,2,206100.0,1,2,3,Под угрозой ухода
1641,123,1,45000.0,2,1,2,Спящие
1644,39,1,78300.0,3,1,2,Новые
1645,335,1,420000.0,1,1,3,Под угрозой ухода
1646,202,3,237000.0,1,3,3,Под угрозой ухода
1648,289,2,31600.0,1,2,1,Под угрозой ухода
1649,339,1,87000.0,1,1,2,Спящие
1650,9,1,58000.0,3,1,2,Новые
1651,318,1,38000.0,1,1,1,Спящие
1652,9,2,129600.0,3,2,2,Чемпионы
1653,38,1,43200.0,3,1,2,Новые
1654,132,6,641450.0,2,3,3,Лояльные
1655,190,3,101400.0,2,3,2,Лояльные
1656,70,1,40500.0,3,1,1,Новые
1657,134,1,43200.0,2,1,2,Спящие
1658,14,3,17500.0,3,3,1,Лояльные
1659,344,1,21600.0,1,1,1,Спящие
1660,207,1,135000.0,1,1,2,Спящие
1661,65,1,6000.0,3,1,1,Новые
1662,122,1,5500.0,2,1,1,Спящие
1663,76,1,8100.0,3,1,1,Новые
1664,13,2,57000.0,3,2,2,Чемпионы
1665,155,2,82300.0,2,2,2,Лояльные
1666,83,2,68400.0,2,2,2,Лояльные
1667,355,1,11000.0,1,1,1,Спящие
1669,16,2,564000.0,3,2,3,Чемпионы
1670,262,1,5500.0,1,1,1,Спящие
1671,83,1,162000.0,2,1,3,Спящие
1672,137,2,53000.0,2,2,2,Лояльные
1673,40,1,6000.0,3,1,1,Новые
1674,291,1,180000.0,1,1,3,Под угрозой ухода
1675,261,2,429000.0,1,2,3,Под угрозой ухода
1676,73,1,180000.0,3,1,3,Новые
1677,108,1,52000.0,2,1,2,Спящие
1678,230,1,5400.0,1,1,1,Спящие
1679,324,1,180000.0,1,1,3,Под угрозой ухода
1680,20,1,46800.0,3,1,2,Новые
1681,278,2,95200.0,1,2,2,Под угрозой ухода
1682,69,2,386100.0,3,2,3,Чемпионы
1683,147,1,46800.0,2,1,2,Спящие
1684,183,3,130050.0,2,3,2,Лояльные
1685,335,1,9000.0,1,1,1,Спящие
1686,237,4,142200.0,1,3,3,Под угрозой ухода
1687,314,1,52000.0,1,1,2,Спящие
1688,160,1,16200.0,2,1,1,Спящие
1690,73,1,18000.0,3,1,1,Новые
1691,310,1,24000.0,1,1,1,Спящие
1692,10,1,378000.0,3,1,3,Новые
1693,311,1,40500.0,1,1,1,Спящие
1694,152,1,420000.0,2,1,3,Спящие
1695,79,2,429000.0,3,2,3,Чемпионы
1696,178,1,180000.0,2,1,3,Спящие
1697,136,2,193500.0,2,2,3,Лояльные
1698,39,1,144000.0,3,1,3,Новые
1699,49,1,24000.0,3,1,1,Новые
1700,173,1,45000.0,2,1,2,Спящие
1702,63,2,798000.0,3,2,3,Чемпионы
1703,215,1,87000.0,1,1,2,Спящие
1704,174,2,83000.0,2,2,2,Лояльные
1706,7,1,162000.0,3,1,3,Новые
1707,30,4,567000.0,3,3,3,Чемпионы
1708,252,2,234000.0,1,2,3,Под угрозой ухода
1709,197,2,127500.0,2,2,2,Лояльные
1710,53,2,73350.0,3,2,2,Чемпионы
1711,208,1,24000.0,1,1,1,Спящие
1712,182,1,78300.0,2,1,2,Спящие
1713,50,2,184400.0,3,2,3,Чемпионы
1714,11,1,24000.0,3,1,1,Новые
1715,312,1,72000.0,1,1,2,Спящие
1716,51,2,29200.0,3,2,1,Лояльные
1717,187,1,34200.0,2,1,1,Спящие
1718,148,1,26100.0,2,1,1,Спящие
1719,247,1,12000.0,1,1,1,Спящие
1721,296,3,53000.0,1,3,2,Под угрозой ухода
1722,87,1,34200.0,2,1,1,Спящие
1724,95,3,387000.0,2,3,3,Лояльные
1725,42,1,12000.0,3,1,1,Новые
1726,195,2,209000.0,2,2,3,Лояльные
1727,111,3,849000.0,2,3,3,Лояльные
1728,340,1,45000.0,1,1,2,Спящие
1729,151,1,9000.0,2,1,1,Спящие
1730,294,1,180000.0,1,1,3,Под угрозой ухода
1731,257,1,45000.0,1,1,2,Спящие
1732,250,2,17100.0,1,2,1,Под угрозой ухода
1733,87,1,135000.0,2,1,2,Спящие
1735,243,2,454200.0,1,2,3,Под угрозой ухода
1736,170,1,27000.0,2,1,1,Спящие
1739,134,1,420000.0,2,1,3,Спящие
1740,237,1,180000.0,1,1,3,Под угрозой ухода
1741,314,1,180000.0,1,1,3,Под угрозой ухода
1742,41,1,29000.0,3,1,1,Новые
1743,4,4,180800.0,3,3,3,Чемпионы
1744,272,3,70000.0,1,3,2,Под угрозой ухода
1745,123,2,38000.0,2,2,1,Лояльные
1746,249,2,465000.0,1,2,3,Под угрозой ухода
1747,30,2,218000.0,3,2,3,Чемпионы
1748,257,2,136800.0,1,2,3,Под угрозой ухода
1749,171,1,9000.0,2,1,1,Спящие
1750,336,1,16200.0,1,1,1,Спящие
1751,42,3,65500.0,3,3,2,Чемпионы
1752,327,1,6000.0,1,1,1,Спящие
1753,329,1,180000.0,1,1,3,Под угрозой ухода
1754,26,1,30400.0,3,1,1,Новые
1755,116,2,45900.0,2,2,2,Лояльные
1756,240,1,180000.0,1,1,3,Под угрозой ухода
1757,1,1,9900.0,3,1,1,Новые
1758,52,1,11000.0,3,1,1,Новые
1759,100,1,24000.0,2,1,1,Спящие
1761,86,1,5500.0,2,1,1,Спящие
1762,280,1,38000.0,1,1,1,Спящие
1763,150,2,492000.0,2,2,3,Лояльные
1765,27,5,621000.0,3,3,3,Чемпионы
1766,342,1,135000.0,1,1,2,Спящие
1767,245,1,8100.0,1,1,1,Спящие
1768,19,1,420000.0,3,1,3,Новые
1769,77,2,111000.0,3,2,2,Чемпионы
1770,16,2,374000.0,3,2,3,Чемпионы
1771,13,3,253600.0,3,3,3,Чемпионы
1772,47,1,36000.0,3,1,1,Новые
1773,238,1,45000.0,1,1,2,Спящие
1774,2,2,426000.0,3,2,3,Чемпионы
1775,150,2,407000.0,2,2,3,Лояльные
1776,295,1,52000.0,1,1,2,Спящие
1778,285,1,52000.0,1,1,2,Спящие
1779,232,2,188100.0,1,2,3,Под угрозой ухода
1780,287,1,87000.0,1,1,2,Спящие
1781,151,1,52200.0,2,1,2,Спящие
1782,30,1,52000.0,3,1,2,Новые
1783,263,1,420000.0,1,1,3,Под угрозой ухода
1784,29,1,29000.0,3,1,1,Новые
1786,9,1,29000.0,3,1,1,Новые
1787,113,1,162000.0,2,1,3,Спящие
1788,116,1,9000.0,2,1,1,Спящие
1790,246,2,42300.0,1,2,2,Под угрозой ухода
1791,356,1,6000.0,1,1,1,Спящие
1792,252,1,76000.0,1,1,2,Спящие
1793,238,2,34500.0,1,2,1,Под угрозой ухода
1794,135,1,18000.0,2,1,1,Спящие
1795,193,1,9000.0,2,1,1,Спящие
1796,124,2,11400.0,2,2,1,Лояльные
1797,165,1,46800.0,2,1,2,Спящие
1798,9,1,420000.0,3,1,3,Новые
1800,86,2,52300.0,2,2,2,Лояльные
1801,235,1,9000.0,1,1,1,Спящие
1802,343,1,135000.0,1,1,2,Спящие
1803,39,1,420000.0,3,1,3,Новые
1805,215,1,180000.0,1,1,3,Под угрозой ухода
1806,31,2,390000.0,3,2,3,Чемпионы
1807,286,1,18000.0,1,1,1,Спящие
1808,316,1,45000.0,1,1,2,Спящие
1809,65,1,43200.0,3,1,2,Новые
1810,217,4,178000.0,1,3,3,Под угрозой ухода
1811,314,2,444000.0,1,2,3,Под угрозой ухода
1813,281,2,90000.0,1,2,2,Под угрозой ухода
1815,280,2,360000.0,1,2,3,Под угрозой ухода
1817,159,1,5500.0,2,1,1,Спящие
1818,37,2,444000.0,3,2,3,Чемпионы
1819,170,1,38000.0,2,1,1,Спящие
1820,69,3,616000.0,3,3,3,Чемпионы
1821,279,1,48000.0,1,1,2,Спящие
1823,3,3,90400.0,3,3,2,Чемпионы
1824,194,3,242000.0,2,3,3,Лояльные
1825,228,1,24000.0,1,1,1,Спящие
1826,103,1,40500.0,2,1,1,Спящие
1827,110,1,52000.0,2,1,2,Спящие
1828,120,1,52000.0,2,1,2,Спящие
1829,50,1,30400.0,3,1,1,Новые
1830,83,1,45000.0,2,1,2,Спящие
1831,253,1,26100.0,1,1,1,Спящие
1832,24,1,38000.0,3,1,1,Новые
1834,203,1,40500.0,1,1,1,Спящие
1835,305,1,14850.0,1,1,1,Спящие
1836,11,1,420000.0,3,1,3,Новые
1837,7,1,52000.0,3,1,2,Новые
1838,270,1,76000.0,1,1,2,Спящие
1839,178,1,48000.0,2,1,2,Спящие
1840,204,1,180000.0,1,1,3,Под угрозой ухода
1841,327,1,135000.0,1,1,2,Спящие
1842,329,1,5500.0,1,1,1,Спящие
1844,148,1,420000.0,2,1,3,Спящие
1845,48,1,52000.0,3,1,2,Новые
1846,33,1,5400.0,3,1,1,Новые
1847,6,1,180000.0,3,1,3,Новые
1848,2,1,45000.0,3,1,2,Новые
1849,199,1,90000.0,2,1,2,Спящие
1850,3,2,41400.0,3,2,2,Чемпионы
1851,74,1,18000.0,3,1,1,Новые
1852,109,1,180000.0,2,1,3,Спящие
1853,46,2,267000.0,3,2,3,Чемпионы
1854,252,2,488400.0,1,2,3,Под угрозой ухода
1855,36,1,46800.0,3,1,2,Новые
1856,250,1,45000.0,1,1,2,Спящие
1857,103,2,45600.0,2,2,2,Лояльные
1858,35,1,38000.0,3,1,1,Новые
1859,6,1,6000.0,3,1,1,Новые
1860,74,3,369000.0,3,3,3,Чемпионы
1861,150,4,255500.0,2,3,3,Лояльные
1863,165,3,197000.0,2,3,3,Лояльные
1864,183,1,46800.0,2,1,2,Спящие
1865,68,3,103300.0,3,3,2,Чемпионы
1866,62,2,70000.0,3,2,2,Чемпионы
1867,90,1,16200.0,2,1,1,Спящие
1868,51,3,44000.0,3,3,2,Чемпионы
1869,95,1,76000.0,2,1,2,Спящие
1870,200,1,9000.0,1,1,1,Спящие
1871,61,1,60800.0,3,1,2,Новые
1872,27,3,83800.0,3,3,2,Чемпионы
1873,345,1,16500.0,1,1,1,Спящие
1874,89,1,16200.0,2,1,1,Спящие
1875,122,3,669000.0,2,3,3,Лояльные
1876,193,1,38000.0,2,1,1,Спящие
1877,118,5,819300.0,2,3,3,Лояльные
1878,187,2,114000.0,2,2,2,Лояльные
1879,203,1,27000.0,1,1,1,Спящие
1880,269,2,129000.0,1,2,2,Под угрозой ухода
1881,240,3,62400.0,1,3,2,Под угрозой ухода
1882,189,3,154000.0,2,3,3,Лояльные
1883,233,2,191000.0,1,2,3,Под угрозой ухода
1884,53,2,15000.0,3,2,1,Лояльные
1885,267,2,24000.0,1,2,1,Под угрозой ухода
1886,10,1,78300.0,3,1,2,Новые
1887,342,1,420000.0,1,1,3,Под угрозой ухода
1888,11,5,212300.0,3,3,3,Чемпионы
1889,343,1,72000.0,1,1,2,Спящие
1890,312,1,6000.0,1,1,1,Спящие
1891,251,2,507000.0,1,2,3,Под угрозой ухода
1892,157,3,508500.0,2,3,3,Лояльные
1893,38,1,40500.0,3,1,1,Новые
1894,257,1,420000.0,1,1,3,Под угрозой ухода
1895,106,2,97000.0,2,2,2,Лояльные
1896,280,1,29000.0,1,1,1,Спящие
1897,23,2,425500.0,3,2,3,Чемпионы
1898,86,1,48000.0,2,1,2,Спящие
1899,250,2,429000.0,1,2,3,Под угрозой ухода
1900,40,3,69300.0,3,3,2,Чемпионы
1901,6,2,10450.0,3,2,1,Лояльные
1902,340,1,45000.0,1,1,2,Спящие
1903,13,1,29000.0,3,1,1,Новые
1904,312,1,420000.0,1,1,3,Под угрозой ухода
1905,51,1,29000.0,3,1,1,Новые
1906,11,1,24000.0,3,1,1,Новые
1907,199,1,52000.0,2,1,2,Спящие
1908,20,1,420000.0,3,1,3,Новые
1909,125,1,45000.0,2,1,2,Спящие
1911,11,1,24300.0,3,1,1,Новые
1912,75,2,249000.0,3,2,3,Чемпионы
1913,50,1,23200.0,3,1,1,Новые
1914,263,1,27000.0,1,1,1,Спящие
1915,189,2,196500.0,2,2,3,Лояльные
1916,117,1,38000.0,2,1,1,Спящие
1917,216,3,103000.0,1,3,2,Под угрозой ухода
1918,22,3,84400.0,3,3,2,Чемпионы
1919,264,2,430000.0,1,2,3,Под угрозой ухода
1920,200,1,420000.0,1,1,3,Под угрозой ухода
1921,119,2,498300.0,2,2,3,Лояльные
1922,276,1,18000.0,1,1,1,Спящие
1923,188,1,5500.0,2,1,1,Спящие
1924,71,2,465000.0,3,2,3,Чемпионы
1925,5,5,272600.0,3,3,3,Чемпионы
1926,16,1,180000.0,3,1,3,Новые
1928,55,1,57600.0,3,1,2,Новые
1929,202,3,110000.0,1,3,2,Под угрозой ухода
1930,52,4,481200.0,3,3,3,Чемпионы
1932,99,2,136800.0,2,2,3,Лояльные
1933,49,5,702200.0,3,3,3,Чемпионы
1934,34,1,38000.0,3,1,1,Новые
1935,22,1,420000.0,3,1,3,Новые
1937,258,1,46800.0,1,1,2,Спящие
1938,65,1,180000.0,3,1,3,Новые
1939,137,1,420000.0,2,1,3,Спящие
1941,101,1,38000.0,2,1,1,Спящие
1943,243,2,510000.0,1,2,3,Под угрозой ухода
1944,7,3,420950.0,3,3,3,Чемпионы
1945,349,1,5500.0,1,1,1,Спящие
1946,81,2,232000.0,2,2,3,Лояльные
1947,149,1,420000.0,2,1,3,Спящие
1948,18,1,45000.0,3,1,2,Новые
1949,30,3,72900.0,3,3,2,Чемпионы
1950,16,6,342900.0,3,3,3,Чемпионы
1951,18,1,52000.0,3,1,2,Новые
1952,20,2,62400.0,3,2,2,Чемпионы
1953,107,1,29000.0,2,1,1,Спящие
1954,290,1,24000.0,1,1,1,Спящие
1955,94,2,83000.0,2,2,2,Лояльные
1956,5,1,52000.0,3,1,2,Новые
1957,264,1,5500.0,1,1,1,Спящие
1958,8,3,185800.0,3,3,3,Чемпионы
1959,87,2,436500.0,2,2,3,Лояльные
1960,218,1,52000.0,1,1,2,Спящие
1961,86,1,5500.0,2,1,1,Спящие
1962,326,2,10450.0,1,2,1,Под угрозой ухода
1963,308,1,6000.0,1,1,1,Спящие
1964,317,1,68400.0,1,1,2,Спящие
1965,221,1,5500.0,1,1,1,Спящие
1966,53,1,378000.0,3,1,3,Новые
1967,26,1,180000.0,3,1,3,Новые
1968,35,1,52000.0,3,1,2,Новые
1969,43,1,6000.0,3,1,1,Новые
1970,313,2,61000.0,1,2,2,Под угрозой ухода
1971,86,2,82000.0,2,2,2,Лояльные
1972,183,1,52000.0,2,1,2,Спящие
1973,170,1,29000.0,2,1,1,Спящие
1974,54,1,72000.0,3,1,2,Новые
1975,69,1,52000.0,3,1,2,Новые
1976,63,1,420000.0,3,1,3,Новые
1977,171,2,61000.0,2,2,2,Лояльные
1978,57,4,215000.0,3,3,3,Чемпионы
1979,254,2,101000.0,1,2,2,Под угрозой ухода
1980,295,1,90000.0,1,1,2,Спящие
1981,225,1,180000.0,1,1,3,Под угрозой ухода
1982,266,1,72000.0,1,1,2,Спящие
1983,20,1,16500.0,3,1,1,Новые
1984,137,3,69400.0,2,3,2,Лояльные
1985,14,4,286800.0,3,3,3,Чемпионы
1986,183,1,5500.0,2,1,1,Спящие
1987,54,1,45000.0,3,1,2,Новые
1988,103,1,24000.0,2,1,1,Спящие
1989,160,1,114000.0,2,1,2,Спящие
1990,31,1,180000.0,3,1,3,Новые
1991,183,1,45000.0,2,1,2,Спящие
1993,122,1,16500.0,2,1,1,Спящие
1994,85,1,45000.0,2,1,2,Спящие
1995,159,1,114000.0,2,1,2,Спящие
1996,138,2,35000.0,2,2,1,Лояльные
1997,131,1,38000.0,2,1,1,Спящие
1998,74,2,173500.0,3,2,3,Чемпионы
1999,64,2,76000.0,3,2,2,Чемпионы
2000,140,2,45200.0,2,2,2,Лояльные
